0,アイアンテール,はがね,5,1
0,あくび,ノーマル,5,2
0,あまえる,フェアリー,3,3
0,あわ,みず,3,4
0,いあいぎり,ノーマル,5,5
0,いわおとし,いわ,4,6
0,いわくだき,かくとう,5,7
0,うちおとす,いわ,4,8
0,エアスラッシュ,ひこう,4,9
0,おどろかす,ゴースト,2,10
0,カウンター,かくとう,3,11
0,かぜおこし,ひこう,2,12
0,かみつく,あく,4,13
0,かみなりのキバ,でんき,3,14
0,からてチョップ,かくとう,1,15
0,きんぞくおん,はがね,2,16
0,けたぐり,かくとう,1,17
0,こおりのいぶき,こおり,5,18
0,こおりのキバ,こおり,3,19
0,こおりのつぶて,こおり,3,20
0,こなゆき,こおり,1,21
0,このは,くさ,1,22
0,ころがる,いわ,1,23
0,サイコウェーブ,エスパー,1,24
0,サイコカッター,エスパー,1,25
0,ジオコントロール,フェアリー,3,26
0,したでなめる,ゴースト,3,27
0,しねんのずつき,エスパー,5,28
0,シャドークロー,ゴースト,1,29
0,じんつうりき,エスパー,3,30
0,すなかけ,じめん,2,31
0,スパーク,でんき,3,32
0,たいあたり,ノーマル,3,33
0,たきのぼり,みず,3,34
0,たたりめ,ゴースト,1,35
0,タネマシンガン,くさ,3,36
0,だましうち,あく,4,37
0,チャージビーム,でんき,4,38
0,つつく,ひこう,1,39
0,つばさでうつ,ひこう,2,40
0,つるのムチ,くさ,2,41
0,でんきショック,でんき,1,42
0,でんこうせっか,ノーマル,2,43
0,どくづき,どく,3,44
0,どくばり,どく,1,45
0,とっしん,ノーマル,5,46
0,ドラゴンテール,ドラゴン,2,47
0,どろかけ,じめん,2,48
0,にどげり,かくとう,3,49
0,ねんりき,エスパー,2,50
0,バークアウト,あく,2,51
0,はがねのつばさ,はがね,4,52
0,はたく,ノーマル,5,53
0,はっけい,かくとう,1,54
0,はっぱカッター,くさ,3,55
0,はねる,みず,5,56
0,バレットパンチ,はがね,3,57
0,ひっかく,ノーマル,1,58
0,ひのこ,ほのお,1,59
0,ふいうち,あく,1,60
0,プレゼント,ノーマル,3,61
0,ほのおのうず,ほのお,3,62
0,ほのおのキバ,ほのお,3,63
0,ボルトチェンジ,でんき,2,64
0,マジカルリーフ,くさ,3,65
0,マッドショット,じめん,2,66
0,まとわりつく,むし,3,67
0,みずしゅりけん,みず,1,68
0,みずでっぽう,みず,3,69
0,むしくい,むし,2,70
0,むしのていこう,むし,4,71
0,めざめるパワー,ノーマル,4,72
0,メタルクロー,はがね,4,73
0,やきつくす,ほのお,1,74
0,ようかいえき,どく,1,75
0,ようせいのかぜ,フェアリー,1,76
0,りゅうのいぶき,ドラゴン,1,77
0,れんぞくぎり,むし,1,78
0,ロックオン,ノーマル,1,79
1,１０まんばりき,じめん,2,80
1,１０まんボルト,でんき,3,81
1,DDラリアット,あく,3,82
1,Ｖジェネレート,ほのお,1,83
1,アイアンヘッド,はがね,2,84
1,アクアジェット,みず,1,85
1,アクアステップ,みず,1,86
1,アクアテール,みず,1,87
1,アクアブレイク,みず,1,88
2,アクアブレイク+,みず,,89
1,あくうせつだん,ドラゴン,1,90
1,あくのはどう,あく,1,91
2,あくのはどう+,あく,,92
1,アクロバット,ひこう,1,93
1,アシッドボム,どく,4,94
2,アシッドボム+,どく,,95
1,あなをほる,じめん,4,96
1,あやしいかぜ,ゴースト,4,97
1,イカサマ,あく,3,98
1,いわなだれ,いわ,2,99
1,インファイト,かくとう,1,100
1,ウェザーボール,ノーマル,2,101
1,ウェザーボール(いわ),いわ,1,102
1,ウェザーボール(こおり),こおり,1,103
1,ウェザーボール(ほのお),ほのお,1,104
1,ウェザーボール(みず),みず,1,105
1,うたかたのアリア,みず,1,106
1,エアカッター,ひこう,2,107
1,エアロブラスト,ひこう,1,108
1,エアロブラスト+,ひこう,1,109
1,エアロブラスト++,ひこう,1,110
1,エナジーボール,くさ,3,111
1,オーバーヒート,ほのお,2,112
1,オーラぐるま(あく),あく,1,113
1,オーラぐるま(でんき),でんき,1,114
1,オーロラビーム,こおり,5,115
1,オクタンほう,みず,4,116
1,おんがえし,ノーマル,4,117
1,かえんぐるま,ほのお,2,118
1,かえんボール,ほのお,2,119
1,かえんほうしゃ,ほのお,3,120
1,かげうち,ゴースト,4,121
1,かげぬい,ゴースト,4,122
1,かみくだく,あく,2,123
1,かみなり,でんき,5,124
1,かみなりあらし,でんき,1,125
1,かみなりパンチ,でんき,2,126
1,ガリョウテンセイ,ひこう,1,127
1,かわらわり,かくとう,3,128
2,かわらわり+,かくとう,,129
1,がんせきふうじ,いわ,2,130
1,がんせきほう,いわ,1,131
1,きあいだま,かくとう,4,132
1,ギガインパクト,ノーマル,4,133
1,ギガドレイン,くさ,4,134
1,きょけんとつげき,ドラゴン,,135
1,きょじゅうざん,はがね,1,136
1,きょじゅうだん,はがね,1,137
1,ぎんいろのかぜ,むし,4,138
1,くさむすび,くさ,2,139
1,くさわけ,くさ,1,140
1,くちばしキャノン,ひこう,1,141
1,グラスミキサー,くさ,4,142
1,クラブハンマー,みず,2,143
1,グロウパンチ,かくとう,2,144
1,クロスサンダー,でんき,1,145
1,クロスチョップ,かくとう,2,146
1,クロスフレイム,ほのお,1,147
1,クロスポイズン,どく,2,148
1,げきりん,ドラゴン,3,149
2,げきりん+,ドラゴン,,150
1,げんしのちから,いわ,3,151
1,コールドフレア,こおり,1,152
1,こがらしあらし,ひこう,1,153
1,こごえるかぜ,こおり,1,154
1,こごえるせかい,こおり,1,155
1,ゴッドバード,ひこう,3,156
1,コメットパンチ,はがね,1,157
1,こんげんのはどう,みず,2,158
1,サイケこうせん,エスパー,5,159
2,サイケこうせん+,エスパー,,160
1,サイコキネシス,エスパー,4,161
1,サイコショック,エスパー,1,162
1,サイコブースト,エスパー,1,163
1,サイコファング,エスパー,1,164
1,サイコブレイク,エスパー,1,165
1,サンダープリズン,でんき,1,166
1,シードフレア,くさ,2,167
1,シェルブレード,みず,3,168
1,しおみず,みず,3,169
1,シグナルビーム,むし,4,170
1,じごくぐるま,かくとう,5,171
1,シザークロス,むし,2,172
1,じしん,じめん,3,173
1,しぜんのいかり,フェアリー,1,174
1,しっぺがえし,あく,2,175
1,じならし,じめん,3,176
1,ジャイロボール,はがね,2,177
1,シャドーダイブ,ゴースト,4,178
1,シャドーパンチ,ゴースト,1,179
1,シャドーボール,ゴースト,2,180
1,シャドーボーン,ゴースト,1,181
1,シャドーレイ,ゴースト,1,182
1,じゃれつく,フェアリー,3,183
1,シンクロノイズ,エスパー,3,184
1,しんぴのつるぎ,かくとう,1,185
1,スケイルノイズ,ドラゴン,1,186
1,ストーンエッジ,いわ,2,187
1,すなじごく,じめん,3,188
1,スピードスター,ノーマル,2,189
1,せいなるつるぎ,かくとう,1,190
1,せいなるほのお,ほのお,1,191
1,せいなるほのお+,ほのお,1,192
1,せいなるほのお++,ほのお,1,193
1,ソーラービーム,くさ,4,194
1,そらをとぶ,ひこう,1,195
1,だいちのちから,じめん,3,196
1,ダイビング,みず,,197
1,ダイマックスほう,ドラゴン,1,198
1,だいもんじ,ほのお,4,199
1,だくりゅう,みず,4,200
1,ダストシュート,どく,4,201
1,たつまき,ドラゴン,1,202
1,タネばくだん,くさ,3,203
2,タネばくだん+,くさ,,204
1,ダブルパンツァー,はがね,1,205
1,だんがいのつるぎ,じめん,1,206
1,チャームボイス,フェアリー,3,207
1,つじぎり,あく,2,208
1,つのでつく,ノーマル,5,209
1,つばめがえし,ひこう,4,210
1,つららばり,こおり,1,211
1,デカハンマー,はがね,2,212
1,テクノバスター,ノーマル,2,213
1,テクノバスター(こおり),こおり,2,214
1,テクノバスター(でんき),でんき,1,215
1,テクノバスター(ほのお),ほのお,2,216
1,テクノバスター(みず),みず,2,217
1,デスウイング,ひこう,1,218
1,でんじほう,でんき,3,219
2,でんじほう+,でんき,,220
1,ときのほうこう,ドラゴン,1,221
1,どくどくのキバ,どく,2,222
1,とっておき,ノーマル,3,223
1,とどめばり,むし,3,224
2,とどめばり+,むし,,225
1,とびかかる,むし,1,226
1,とびひざげり,かくとう,2,227
1,トライアタック,ノーマル,1,228
1,ドラゴンエナジー,ドラゴン,1,229
1,ドラゴンクロー,ドラゴン,3,230
1,ドラムアタック,くさ,3,231
1,トリックフラワー,くさ,1,232
1,トリプルアクセル,こおり,2,233
1,ドリルくちばし,ひこう,1,234
2,ドリルくちばし+,ひこう,,235
1,ドリルライナー,じめん,2,236
1,ドレインキッス,フェアリー,3,237
1,ドレインパンチ,かくとう,4,238
1,どろばくだん,じめん,3,239
1,ナイトヘッド,ゴースト,2,240
1,なみのり,みず,2,241
2,なみのり+,みず,,242
1,にぎりつぶす,ノーマル,1,243
1,ニトロチャージ,ほのお,3,244
1,ねっさのあらし,じめん,1,245
1,ねっさのだいち,じめん,1,246
1,ねっとう,みず,1,247
1,ねっぷう,ほのお,2,248
1,ねむる,ノーマル,3,249
1,ねらいうち,みず,,250
1,のしかかり,ノーマル,2,251
1,ハートスタンプ,エスパー,5,252
1,ハードプラント,くさ,1,253
1,ハイドロカノン,みず,1,254
1,ハイドロポンプ,みず,4,255
1,はかいこうせん,ノーマル,4,256
1,ばかぢから,かくとう,1,257
1,ばくおんぱ,ノーマル,4,258
1,ばくれつパンチ,かくとう,1,259
2,ばくれつパンチ+,かくとう,,260
1,はさむ,ノーマル,2,261
1,はじけるほのお,ほのお,4,262
1,はどうだん,かくとう,1,263
1,はなふぶき,くさ,4,264
1,バブルこうせん,みず,4,265
1,はめつのねがい,はがね,1,266
1,はやてがえし,かくとう,1,267
1,パラボラチャージ,でんき,3,268
1,パワーウィップ,くさ,2,269
1,パワージェム,いわ,2,270
1,ビックリヘッド,ほのお,1,271
1,ひっさつまえば,ノーマル,2,272
1,ひやみず,みず,1,273
1,フェザーダンス,ひこう,2,274
1,ふぶき,こおり,3,275
1,ふみつけ,ノーマル,4,276
1,フライングプレス,かくとう,1,277
1,ブラストバーン,ほのお,1,278
1,プラズマフィスト,でんき,,279
1,フリーズボルト,こおり,1,280
1,フレアソング,ほのお,1,281
1,ブレイズキック,ほのお,2,282
1,ブレイブバード,ひこう,2,283
1,ブロッキング,あく,4,284
1,ふんどのこぶし,ゴースト,1,285
1,ぶんまわす,あく,1,286
1,ヘドロウェーブ,どく,3,287
1,ヘドロこうげき,どく,1,288
1,ヘドロばくだん,どく,3,289
1,ヘビーボンバー,はがね,4,290
1,ほうでん,でんき,3,291
1,ぼうふう,ひこう,4,292
1,ホネこんぼう,じめん,1,293
1,ほのおのパンチ,ほのお,2,294
1,ポルターガイスト,ゴースト,3,295
1,ボルテッカー,でんき,1,296
2,ボルテッカー+,でんき,,297
1,まきつく,ノーマル,2,298
1,マグネットボム,はがね,2,299
1,マグマストーム,ほのお,2,300
1,マジカルシャイン,フェアリー,3,301
1,マジカルフレイム,ほのお,1,302
2,マジカルフレイム+,ほのお,,303
1,ミストボール,エスパー,1,304
1,みずのはどう,みず,3,305
1,ミラーコート,エスパー,2,306
1,ミラーショット,はがね,4,307
1,みらいよち,エスパー,3,308
2,みらいよち+,エスパー,,309
1,ムーンフォース,フェアリー,1,310
1,むしのさざめき,むし,2,311
1,メガドレイン,くさ,5,312
1,メガホーン,むし,3,313
1,メテオドライブ,はがね,1,314
1,メテオビーム,いわ,2,315
1,やつあたり,ノーマル,5,316
1,ゆきなだれ,こおり,1,317
1,ラスターカノン,はがね,4,318
1,ラスターパージ,エスパー,2,319
1,リーフストーム,くさ,3,320
1,リーフブレード,くさ,1,321
1,りゅうせいぐん,ドラゴン,4,322
1,りゅうのはどう,ドラゴン,4,323
1,れいとうパンチ,こおり,2,324
1,れいとうビーム,こおり,3,325
1,ローキック,かくとう,4,326
1,ロケットずつき,ノーマル,3,327
1,ロックブラスト,いわ,3,328
1,ワイドブレイカー,ドラゴン,2,329
1,ワイルドボルト,でんき,1,330
1,わるあがき,ノーマル,5,331
