0,アイアンテール,はがね,5
0,あくび,ノーマル,5
0,あまえる,フェアリー,3
0,あわ,みず,3
0,いあいぎり,ノーマル,5
0,いわおとし,いわ,4
0,いわくだき,かくとう,5
0,うちおとす,いわ,4
0,エアスラッシュ,ひこう,4
0,おどろかす,ゴースト,2
0,カウンター,かくとう,3
0,かぜおこし,ひこう,2
0,かみつく,あく,4
0,かみなりのキバ,でんき,3
0,からてチョップ,かくとう,1
0,きんぞくおん,はがね,2
0,けたぐり,かくとう,2
0,こおりのいぶき,こおり,5
0,こおりのキバ,こおり,3
0,こおりのつぶて,こおり,3
0,こなゆき,こおり,1
0,このは,くさ,1
0,ころがる,いわ,1
0,サイコウェーブ,エスパー,1
0,サイコカッター,エスパー,1
0,ジオコントロール,フェアリー,3
0,したでなめる,ゴースト,3
0,しねんのずつき,エスパー,5
0,シャドークロー,ゴースト,1
0,じんつうりき,エスパー,3
0,すなかけ,じめん,2
0,スパーク,でんき,3
0,たいあたり,ノーマル,3
0,たきのぼり,みず,3
0,たたりめ,ゴースト,1
0,タネマシンガン,くさ,3
0,だましうち,あく,4
0,チャージビーム,でんき,4
0,つつく,ひこう,1
0,つばさでうつ,ひこう,2
0,つるのムチ,くさ,2
0,でんきショック,でんき,1
0,でんこうせっか,ノーマル,2
0,どくづき,どく,3
0,どくばり,どく,1
0,とっしん,ノーマル,5
0,ドラゴンテール,ドラゴン,2
0,どろかけ,じめん,2
0,にどげり,かくとう,3
0,ねんりき,エスパー,2
0,バークアウト,あく,2
0,はがねのつばさ,はがね,4
0,はたく,ノーマル,5
0,はっけい,かくとう,1
0,はっぱカッター,くさ,3
0,はねる,みず,5
0,バレットパンチ,はがね,3
0,ひっかく,ノーマル,5
0,ひのこ,ほのお,1
0,ふいうち,あく,1
0,プレゼント,ノーマル,3
0,ほのおのうず,ほのお,3
0,ほのおのキバ,ほのお,3
0,ボルトチェンジ,でんき,2
0,マジカルリーフ,くさ,3
0,マッドショット,じめん,2
0,まとわりつく,むし,3
0,みずしゅりけん,みず,1
0,みずでっぽう,みず,3
0,むしくい,むし,2
0,むしのていこう,むし,4
0,めざめるパワー,ノーマル,4
0,メタルクロー,はがね,4
0,やきつくす,ほのお,1
0,ようかいえき,どく,1
0,ようせいのかぜ,フェアリー,1
0,りゅうのいぶき,ドラゴン,1
0,れんぞくぎり,むし,1
0,ロックオン,ノーマル,1
1,１０まんばりき,じめん,3
1,１０まんボルト,でんき,3
1,DDラリアット,あく,3
1,Ｖジェネレート,ほのお,1
1,アイアンヘッド,はがね,4
1,アクアジェット,みず,1
1,アクアステップ,みず,1
1,アクアテール,みず,1
1,アクアブレイク,みず,1
1,あくうせつだん,ドラゴン,1
1,あくのはどう,あく,3
1,アクロバット,ひこう,1
1,アシッドボム,どく,4
1,あなをほる,じめん,4
1,あやしいかぜ,ゴースト,4
1,イカサマ,あく,3
1,いわなだれ,いわ,2
1,インファイト,かくとう,1
1,ウェザーボール,ノーマル,2
1,ウェザーボール(いわ),いわ,1
1,ウェザーボール(こおり),こおり,1
1,ウェザーボール(ほのお),ほのお,1
1,ウェザーボール(みず),みず,1
1,うたかたのアリア,みず,1
1,エアカッター,ひこう,2
1,エアロブラスト,ひこう,1
1,エアロブラスト+,ひこう,1
1,エアロブラスト++,ひこう,1
1,エナジーボール,くさ,3
1,オーバーヒート,ほのお,2
1,オーラぐるま(あく),あく,1
1,オーラぐるま(でんき),でんき,1
1,オーロラビーム,こおり,5
1,オクタンほう,みず,4
1,おんがえし,ノーマル,4
1,かえんぐるま,ほのお,2
1,かえんボール,ほのお,2
1,かえんほうしゃ,ほのお,3
1,かげうち,ゴースト,4
1,かげぬい,ゴースト,4
1,かみくだく,あく,2
1,かみなり,でんき,5
1,かみなりあらし,でんき,1
1,かみなりパンチ,でんき,2
1,ガリョウテンセイ,ひこう,1
1,かわらわり,かくとう,3
1,がんせきふうじ,いわ,2
1,がんせきほう,いわ,1
1,きあいだま,かくとう,4
1,ギガインパクト,ノーマル,4
1,ギガドレイン,くさ,4
1,きょじゅうざん,はがね,1
1,きょじゅうだん,はがね,1
1,ぎんいろのかぜ,むし,4
1,くさむすび,くさ,2
1,くさわけ,くさ,1
1,くちばしキャノン,ひこう,1
1,グラスミキサー,くさ,4
1,クラブハンマー,みず,2
1,グロウパンチ,かくとう,2
1,クロスサンダー,でんき,1
1,クロスチョップ,かくとう,2
1,クロスフレイム,ほのお,1
1,クロスポイズン,どく,2
1,げきりん,ドラゴン,3
1,げんしのちから,いわ,3
1,コールドフレア,こおり,1
1,こがらしあらし,ひこう,1
1,こごえるかぜ,こおり,1
1,こごえるせかい,こおり,1
1,ゴッドバード,ひこう,3
1,コメットパンチ,はがね,1
1,こんげんのはどう,みず,2
1,サイケこうせん,エスパー,5
1,サイコキネシス,エスパー,4
1,サイコショック,エスパー,1
1,サイコブースト,エスパー,1
1,サイコファング,エスパー,1
1,サイコブレイク,エスパー,1
1,サンダープリズン,でんき,1
1,シードフレア,くさ,2
1,シェルブレード,みず,3
1,しおみず,みず,4
1,シグナルビーム,むし,4
1,じごくぐるま,かくとう,5
1,シザークロス,むし,2
1,じしん,じめん,3
1,しぜんのいかり,フェアリー,1
1,しっぺがえし,あく,2
1,じならし,じめん,3
1,ジャイロボール,はがね,2
1,シャドーダイブ,ゴースト,4
1,シャドーパンチ,ゴースト,1
1,シャドーボール,ゴースト,1
1,シャドーボーン,ゴースト,1
1,シャドーレイ,ゴースト,1
1,じゃれつく,フェアリー,3
1,シンクロノイズ,エスパー,3
1,しんぴのつるぎ,かくとう,1
1,スケイルノイズ,ドラゴン,1
1,ストーンエッジ,いわ,2
1,すなじごく,じめん,2
1,スピードスター,ノーマル,2
1,せいなるつるぎ,かくとう,1
1,せいなるほのお,ほのお,1
1,せいなるほのお+,ほのお,1
1,せいなるほのお++,ほのお,1
1,ソーラービーム,くさ,4
1,そらをとぶ,ひこう,1
1,だいちのちから,じめん,3
1,ダイマックスほう,ドラゴン,1
1,だいもんじ,ほのお,4
1,だくりゅう,みず,4
1,ダストシュート,どく,4
1,たつまき,ドラゴン,1
1,タネばくだん,くさ,3
1,ダブルパンツァー,はがね,1
1,だんがいのつるぎ,じめん,1
1,チャームボイス,フェアリー,3
1,つじぎり,あく,2
1,つのでつく,ノーマル,5
1,つばめがえし,ひこう,4
1,つららばり,こおり,1
1,デカハンマー,はがね,2
1,テクノバスター,ノーマル,2
1,テクノバスター(こおり),こおり,2
1,テクノバスター(でんき),でんき,1
1,テクノバスター(ほのお),ほのお,2
1,テクノバスター(みず),みず,2
1,デスウイング,ひこう,1
1,でんじほう,でんき,3
1,ときのほうこう,ドラゴン,1
1,どくどくのキバ,どく,2
1,とっておき,ノーマル,3
1,とどめばり,むし,3
1,とびかかる,むし,1
1,とびひざげり,かくとう,2
1,トライアタック,ノーマル,1
1,ドラゴンエナジー,ドラゴン,1
1,ドラゴンクロー,ドラゴン,3
1,ドラムアタック,くさ,3
1,トリックフラワー,くさ,1
1,トリプルアクセル,こおり,2
1,ドリルくちばし,ひこう,1
1,ドリルライナー,じめん,2
1,ドレインキッス,フェアリー,4
1,ドレインパンチ,かくとう,4
1,どろばくだん,じめん,3
1,ナイトヘッド,ゴースト,2
1,なみのり,みず,2
1,にぎりつぶす,ノーマル,1
1,ニトロチャージ,ほのお,3
1,ねっさのあらし,じめん,1
1,ねっさのだいち,じめん,1
1,ねっとう,みず,1
1,ねっぷう,ほのお,2
1,ねむる,ノーマル,3
1,のしかかり,ノーマル,2
1,ハートスタンプ,エスパー,5
1,ハードプラント,くさ,1
1,ハイドロカノン,みず,1
1,ハイドロポンプ,みず,4
1,はかいこうせん,ノーマル,4
1,ばかぢから,かくとう,1
1,ばくおんぱ,ノーマル,4
1,ばくれつパンチ,かくとう,1
1,はさむ,ノーマル,2
1,はじけるほのお,ほのお,4
1,はどうだん,かくとう,1
1,はなふぶき,くさ,4
1,バブルこうせん,みず,4
1,はめつのねがい,はがね,1
1,はやてがえし,かくとう,1
1,パラボラチャージ,でんき,3
1,パワーウィップ,くさ,2
1,パワージェム,いわ,2
1,ビックリヘッド,ほのお,1
1,ひっさつまえば,ノーマル,2
1,ひやみず,みず,1
1,フェザーダンス,ひこう,2
1,ふぶき,こおり,3
1,ふみつけ,ノーマル,4
1,フライングプレス,かくとう,1
1,ブラストバーン,ほのお,1
1,フリーズボルト,こおり,1
1,フレアソング,ほのお,1
1,ブレイズキック,ほのお,2
1,ブレイブバード,ひこう,2
1,ブロッキング,あく,4
1,ふんどのこぶし,ゴースト,1
1,ぶんまわす,あく,1
1,ヘドロウェーブ,どく,3
1,ヘドロこうげき,どく,1
1,ヘドロばくだん,どく,3
1,ヘビーボンバー,はがね,4
1,ほうでん,でんき,3
1,ぼうふう,ひこう,4
1,ホネこんぼう,じめん,1
1,ほのおのパンチ,ほのお,2
1,ポルターガイスト,ゴースト,3
1,ボルテッカー,でんき,1
1,まきつく,ノーマル,2
1,マグネットボム,はがね,2
1,マグマストーム,ほのお,2
1,マジカルシャイン,フェアリー,3
1,マジカルフレイム,ほのお,1
1,ミストボール,エスパー,1
1,みずのはどう,みず,3
1,ミラーコート,エスパー,4
1,ミラーショット,はがね,4
1,みらいよち,エスパー,3
1,ムーンフォース,フェアリー,2
1,むしのさざめき,むし,2
1,メガドレイン,くさ,5
1,メガホーン,むし,3
1,メテオドライブ,はがね,1
1,メテオビーム,いわ,2
1,やつあたり,ノーマル,5
1,ゆきなだれ,こおり,1
1,ラスターカノン,はがね,4
1,ラスターパージ,エスパー,2
1,リーフストーム,くさ,3
1,リーフブレード,くさ,1
1,りゅうせいぐん,ドラゴン,4
1,りゅうのはどう,ドラゴン,4
1,れいとうパンチ,こおり,2
1,れいとうビーム,こおり,3
1,ローキック,かくとう,4
1,ロケットずつき,ノーマル,3
1,ロックブラスト,いわ,3
1,ワイドブレイカー,ドラゴン,2
1,ワイルドボルト,でんき,1
1,わるあがき,ノーマル,5
