1,フシギダネ,Image/Match/1.png,Image/Pic/1.png,つるのムチ,タネばくだん,ヘドロばくだん
2,フシギソウ,Image/Match/2.png,Image/Pic/2.png,はっぱカッター,ヘドロばくだん,パワーウィップ
3,フシギバナ,Image/Match/3.png,Image/Pic/3.png,,,
3-1,メガフシギバナ,Image/Match/3-1.png,Image/Pic/3-1.png,,,
3-2,フシギバナ(キョダイマックス),Image/Match/3-2.png,Image/Pic/3-2.png,,,
4,ヒトカゲ,Image/Match/4.png,Image/Pic/4.png,,,
5,リザード,Image/Match/5.png,Image/Pic/5.png,,,
6,リザードン,Image/Match/6.png,Image/Pic/6.png,つばさでうつ,,
6-1,メガリザードンX,Image/Match/6-1.png,Image/Pic/6-1.png,,,
6-2,メガリザードンY,Image/Match/6-2.png,Image/Pic/6-2.png,,,
6-3,リザードン(キョダイマックス),Image/Match/6-3.png,Image/Pic/6-3.png,,,
7,ゼニガメ,Image/Match/7.png,Image/Pic/7.png,,,
8,カメール,Image/Match/8.png,Image/Pic/8.png,,,
9,カメックス,Image/Match/9.png,Image/Pic/9.png,,,
9-1,メガカメックス,Image/Match/9-1.png,Image/Pic/9-1.png,,,
9-2,カメックス(キョダイマックス),Image/Match/9-2.png,Image/Pic/9-2.png,,,
10,キャタピー,Image/Match/10.png,Image/Pic/10.png,,,
11,トランセル,Image/Match/11.png,Image/Pic/11.png,,,
12,バタフリー,Image/Match/12.png,Image/Pic/12.png,,,
12-1,バタフリー(キョダイマックス),Image/Match/12-1.png,Image/Pic/12-1.png,,,
13,ビードル,Image/Match/13.png,Image/Pic/13.png,,,
14,コクーン,Image/Match/14.png,Image/Pic/14.png,,,
15,スピアー,Image/Match/15.png,Image/Pic/15.png,,,
15-1,メガスピアー,Image/Match/15-1.png,Image/Pic/15-1.png,,,
16,ポッポ,Image/Match/16.png,Image/Pic/16.png,,,
17,ピジョン,Image/Match/17.png,Image/Pic/17.png,,,
18,ピジョット,Image/Match/18.png,Image/Pic/18.png,かぜおこし,エアカッター,ねっぷう
18-1,メガピジョット,Image/Match/18-1.png,Image/Pic/18-1.png,,,
19,コラッタ,Image/Match/19.png,Image/Pic/19.png,,,
19-1,コラッタ(アローラのすがた),Image/Match/19-1.png,Image/Pic/19-1.png,,,
20,ラッタ,Image/Match/20.png,Image/Pic/20.png,でんこうせっか,ひっさつまえば,あなをほる
20-1,ラッタ(アローラのすがた),Image/Match/20-1.png,Image/Pic/20-1.png,,,
21,オニスズメ,Image/Match/21.png,Image/Pic/21.png,,,
22,オニドリル,Image/Match/22.png,Image/Pic/22.png,つつく,ドリルくちばし,ドリルライナー
23,アーボ,Image/Match/23.png,Image/Pic/23.png,,,
24,アーボック,Image/Match/24.png,Image/Pic/24.png,,,
25,ピカチュウ,Image/Match/25.png,Image/Pic/25.png,,,
25-1,マスクド・ピカチュウ,Image/Match/25-1.png,Image/Pic/25-1.png,,,
25-2,ピカチュウ(そらをとぶ),Image/Match/25-2.png,Image/Pic/25-2.png,,,
25-3,ピカチュウ(かりゆし),Image/Match/25-3.png,Image/Pic/25-3.png,,,
25-4,ピカチュウ(アイドル),Image/Match/25-4.png,Image/Pic/25-4.png,,,
25-5,ピカチュウ(ハードロック),Image/Match/25-5.png,Image/Pic/25-5.png,,,
25-6,ピカチュウ(そらをとぶ5周年),Image/Match/25-6.png,Image/Pic/25-6.png,,,
25-7,ピカチュウ(ドクター),Image/Match/25-7.png,Image/Pic/25-7.png,,,
25-8,ピカチュウ(キャプテン帽子),Image/Match/25-8.png,Image/Pic/25-8.png,,,
25-9,ピカチュウ(キョダイマックス),Image/Match/25-9.png,Image/Pic/25-9.png,,,
26,ライチュウ,Image/Match/26.png,Image/Pic/26.png,ボルトチェンジ,,
26-1,ライチュウ(アローラのすがた),Image/Match/26-1.png,Image/Pic/26-1.png,でんきショック,サイコショック,ワイルドボルト
27,サンド,Image/Match/27.png,Image/Pic/27.png,,,
27-1,サンド(アローラのすがた),Image/Match/27-1.png,Image/Pic/27-1.png,,,
28,サンドパン,Image/Match/28.png,Image/Pic/28.png,すなかけ,つじぎり,ねっさのだいち
28-1,サンドパン(アローラのすがた),Image/Match/28-1.png,Image/Pic/28-1.png,こなゆき,れいとうパンチ,ドリルライナー
29,ニドラン♀,Image/Match/29.png,Image/Pic/29.png,,,
30,ニドリーナ,Image/Match/30.png,Image/Pic/30.png,,,
31,ニドクイン,Image/Match/31.png,Image/Pic/31.png,,,
32,ニドラン♂,Image/Match/32.png,Image/Pic/32.png,,,
33,ニドリーノ,Image/Match/33.png,Image/Pic/33.png,,,
34,ニドキング,Image/Match/34.png,Image/Pic/34.png,,,
35,ピッピ,Image/Match/35.png,Image/Pic/35.png,,,
36,ピクシー,Image/Match/36.png,Image/Pic/36.png,,コメットパンチ,ムーンフォース
37,ロコン,Image/Match/37.png,Image/Pic/37.png,,,
37-1,ロコン(アローラのすがた),Image/Match/37-1.png,Image/Pic/37-1.png,,,
38,キュウコン,Image/Match/38.png,Image/Pic/38.png,,,
38-1,キュウコン(アローラのすがた),Image/Match/38-1.png,Image/Pic/38-1.png,こなゆき,ウェザーボール(こおり),ひやみず
39,プリン,Image/Match/39.png,Image/Pic/39.png,,,
40,プクリン,Image/Match/40.png,Image/Pic/40.png,あまえる,スピードスター,こごえるかぜ
41,ズバット,Image/Match/41.png,Image/Pic/41.png,,,
42,ゴルバット,Image/Match/42.png,Image/Pic/42.png,,,
43,ナゾノクサ,Image/Match/43.png,Image/Pic/43.png,,,
44,クサイハナ,Image/Match/44.png,Image/Pic/44.png,,,
45,ラフレシア,Image/Match/45.png,Image/Pic/45.png,,,
46,パラス,Image/Match/46.png,Image/Pic/46.png,,,
47,パラセクト,Image/Match/47.png,Image/Pic/47.png,,,
48,コンパン,Image/Match/48.png,Image/Pic/48.png,,,
49,モルフォン,Image/Match/49.png,Image/Pic/49.png,,,
50,ディグダ,Image/Match/50.png,Image/Pic/50.png,,,
50-1,ディグダ(アローラのすがた),Image/Match/50-1.png,Image/Pic/50-1.png,,,
51,ダグトリオ,Image/Match/51.png,Image/Pic/51.png,,,
51-1,ダグトリオ(アローラのすがた),Image/Match/51-1.png,Image/Pic/51-1.png,,,
52,ニャース,Image/Match/52.png,Image/Pic/52.png,,,
52-1,ニャース(アローラのすがた),Image/Match/52-1.png,Image/Pic/52-1.png,,,
52-2,ニャース(ガラルのすがた),Image/Match/52-2.png,Image/Pic/52-2.png,,,
52-3,ニャース(キョダイマックス),Image/Match/52-3.png,Image/Pic/52-3.png,,,
53,ペルシアン,Image/Match/53.png,Image/Pic/53.png,,,
53-1,ペルシアン(アローラのすがた),Image/Match/53-1.png,Image/Pic/53-1.png,,,
54,コダック,Image/Match/54.png,Image/Pic/54.png,,,
55,ゴルダック,Image/Match/55.png,Image/Pic/55.png,,,
56,マンキー,Image/Match/56.png,Image/Pic/56.png,,,
57,オコリザル,Image/Match/57.png,Image/Pic/57.png,,,
58,ガーディ,Image/Match/58.png,Image/Pic/58.png,,,
58-1,ガーディ(ヒスイのすがた),Image/Match/58-1.png,Image/Pic/58-1.png,,,
59,ウインディ,Image/Match/59.png,Image/Pic/59.png,,,
59-1,ウインディ(ヒスイのすがた),Image/Match/59-1.png,Image/Pic/59-1.png,,,
60,ニョロモ,Image/Match/60.png,Image/Pic/60.png,,,
61,ニョロゾ,Image/Match/61.png,Image/Pic/61.png,,,
62,ニョロボン,Image/Match/62.png,Image/Pic/62.png,マッドショット,こごえるかぜ,ばくれつパンチ
63,ケーシィ,Image/Match/63.png,Image/Pic/63.png,,,
64,ユンゲラー,Image/Match/64.png,Image/Pic/64.png,,,
65,フーディン,Image/Match/65.png,Image/Pic/65.png,,,
65-1,メガフーディン,Image/Match/65-1.png,Image/Pic/65-1.png,,,
66,ワンリキー,Image/Match/66.png,Image/Pic/66.png,,,
67,ゴーリキー,Image/Match/67.png,Image/Pic/67.png,,,
68,カイリキー,Image/Match/68.png,Image/Pic/68.png,からてチョップ,クロスチョップ,いわなだれ
68-1,カイリキー(キョダイマックス),Image/Match/68-1.png,Image/Pic/68-1.png,,,
69,マダツボミ,Image/Match/69.png,Image/Pic/69.png,,,
70,ウツドン,Image/Match/70.png,Image/Pic/70.png,,,
71,ウツボット,Image/Match/71.png,Image/Pic/71.png,ようかいえき,リーフブレード,ヘドロばくだん
71-1,メガウツボット,Image/Match/71-1.png,Image/Pic/71-1.png,,,
72,メノクラゲ,Image/Match/72.png,Image/Pic/72.png,,,
73,ドククラゲ,Image/Match/73.png,Image/Pic/73.png,,,
74,イシツブテ,Image/Match/74.png,Image/Pic/74.png,,,
74-1,イシツブテ(アローラのすがた),Image/Match/74-1.png,Image/Pic/74-1.png,,,
75,ゴローン,Image/Match/75.png,Image/Pic/75.png,,,
75-1,ゴローン(アローラのすがた),Image/Match/75-1.png,Image/Pic/75-1.png,,,
76,ゴローニャ,Image/Match/76.png,Image/Pic/76.png,,,
76-1,ゴローニャ(アローラのすがた),Image/Match/76-1.png,Image/Pic/76-1.png,,,
77,ポニータ,Image/Match/77.png,Image/Pic/77.png,,,
77-1,ポニータ(ガラルのすがた),Image/Match/77-1.png,Image/Pic/77-1.png,,,
78,ギャロップ,Image/Match/78.png,Image/Pic/78.png,,,
78-1,ギャロップ(ガラルのすがた),Image/Match/78-1.png,Image/Pic/78-1.png,,,
79,ヤドン,Image/Match/79.png,Image/Pic/79.png,,,
79-1,ヤドン(ガラルのすがた),Image/Match/79-1.png,Image/Pic/79-1.png,,,
80,ヤドラン,Image/Match/80.png,Image/Pic/80.png,ねんりき,なみのり,れいとうビーム
80-1,メガヤドラン,Image/Match/80-1.png,Image/Pic/80-1.png,,,
80-2,ヤドラン(ガラルのすがた),Image/Match/80-2.png,Image/Pic/80-2.png,,,
81,コイル,Image/Match/81.png,Image/Pic/81.png,,,
82,レアコイル,Image/Match/82.png,Image/Pic/82.png,,,
83,カモネギ,Image/Match/83.png,Image/Pic/83.png,,,
83-1,カモネギ(ガラルのすがた),Image/Match/83-1.png,Image/Pic/83-1.png,,,
84,ドードー,Image/Match/84.png,Image/Pic/84.png,,,
85,ドードリオ,Image/Match/85.png,Image/Pic/85.png,,,
86,パウワウ,Image/Match/86.png,Image/Pic/86.png,,,
87,ジュゴン,Image/Match/87.png,Image/Pic/87.png,こおりのつぶて,こごえるかぜ,ドリルライナー
88,ベトベター,Image/Match/88.png,Image/Pic/88.png,,,
88-1,ベトベター(アローラのすがた),Image/Match/88-1.png,Image/Pic/88-1.png,,,
89,ベトベトン,Image/Match/89.png,Image/Pic/89.png,,,
89-1,ベトベトン(アローラのすがた),Image/Match/89-1.png,Image/Pic/89-1.png,,,
90,シェルダー,Image/Match/90.png,Image/Pic/90.png,,,
91,パルシェン,Image/Match/91.png,Image/Pic/91.png,,,
92,ゴース,Image/Match/92.png,Image/Pic/92.png,,,
93,ゴースト,Image/Match/93.png,Image/Pic/93.png,,,
94,ゲンガー,Image/Match/94.png,Image/Pic/94.png,,,
94-1,メガゲンガー,Image/Match/94-1.png,Image/Pic/94-1.png,,,
94-2,ゲンガー(キョダイマックス),Image/Match/94-2.png,Image/Pic/94-2.png,,,
95,イワーク,Image/Match/95.png,Image/Pic/95.png,,,
96,スリープ,Image/Match/96.png,Image/Pic/96.png,,,
97,スリーパー,Image/Match/97.png,Image/Pic/97.png,,,
98,クラブ,Image/Match/98.png,Image/Pic/98.png,,,
99,キングラー,Image/Match/99.png,Image/Pic/99.png,,,
99-1,キングラー(キョダイマックス),Image/Match/99-1.png,Image/Pic/99-1.png,,,
100,ビリリダマ,Image/Match/100.png,Image/Pic/100.png,,,
100-1,ビリリダマ(ヒスイのすがた),Image/Match/100-1.png,Image/Pic/100-1.png,,,
101,マルマイン,Image/Match/101.png,Image/Pic/101.png,,,
101-1,マルマイン(ヒスイのすがた),Image/Match/101-1.png,Image/Pic/101-1.png,,,
102,タマタマ,Image/Match/102.png,Image/Pic/102.png,,,
103,ナッシー,Image/Match/103.png,Image/Pic/103.png,,,
103-1,ナッシー(アローラのすがた),Image/Match/103-1.png,Image/Pic/103-1.png,,,
104,カラカラ,Image/Match/104.png,Image/Pic/104.png,,,
105,ガラガラ,Image/Match/105.png,Image/Pic/105.png,,,
105-1,ガラガラ(アローラのすがた),Image/Match/105-1.png,Image/Pic/105-1.png,たたりめ,かえんぐるま,シャドーボーン
106,サワムラー,Image/Match/106.png,Image/Pic/106.png,,,
107,エビワラー,Image/Match/107.png,Image/Pic/107.png,,,
108,ベロリンガ,Image/Match/108.png,Image/Pic/108.png,したでなめる,のしかかり,パワーウィップ
109,ドガース,Image/Match/109.png,Image/Pic/109.png,,,
110,マタドガス,Image/Match/110.png,Image/Pic/110.png,,,
110-1,マタドガス(ガラルのすがた),Image/Match/110-1.png,Image/Pic/110-1.png,,,
111,サイホーン,Image/Match/111.png,Image/Pic/111.png,,,
112,サイドン,Image/Match/112.png,Image/Pic/112.png,,,
113,ラッキー,Image/Match/113.png,Image/Pic/113.png,,,
114,モンジャラ,Image/Match/114.png,Image/Pic/114.png,,,
115,ガルーラ,Image/Match/115.png,Image/Pic/115.png,,,
115-1,メガガルーラ,Image/Match/115-1.png,Image/Pic/115-1.png,,,
116,タッツー,Image/Match/116.png,Image/Pic/116.png,,,
117,シードラ,Image/Match/117.png,Image/Pic/117.png,,,
118,トサキント,Image/Match/118.png,Image/Pic/118.png,,,
119,アズマオウ,Image/Match/119.png,Image/Pic/119.png,,,
120,ヒトデマン,Image/Match/120.png,Image/Pic/120.png,,,
121,スターミー,Image/Match/121.png,Image/Pic/121.png,,,
122,バリヤード,Image/Match/122.png,Image/Pic/122.png,,,
122-1,バリヤード(ガラルのすがた),Image/Match/122-1.png,Image/Pic/122-1.png,,,
123,ストライク,Image/Match/123.png,Image/Pic/123.png,,,
124,ルージュラ,Image/Match/124.png,Image/Pic/124.png,,,
125,エレブー,Image/Match/125.png,Image/Pic/125.png,,,
126,ブーバー,Image/Match/126.png,Image/Pic/126.png,,,
127,カイロス,Image/Match/127.png,Image/Pic/127.png,,,
127-1,メガカイロス,Image/Match/127-1.png,Image/Pic/127-1.png,,,
128,ケンタロス,Image/Match/128.png,Image/Pic/128.png,,,
128-1,ケンタロス(パルデアのすがた・コンバットしゅ),Image/Match/128-1.png,Image/Pic/128-1.png,,,
128-2,ケンタロス(パルデアのすがた・ブレイズしゅ),Image/Match/128-2.png,Image/Pic/128-2.png,,,
128-3,ケンタロス(パルデアのすがた・ウォーターしゅ),Image/Match/128-3.png,Image/Pic/128-3.png,,,
129,コイキング,Image/Match/129.png,Image/Pic/129.png,,,
130,ギャラドス,Image/Match/130.png,Image/Pic/130.png,,,
130-1,メガギャラドス,Image/Match/130-1.png,Image/Pic/130-1.png,,,
131,ラプラス,Image/Match/131.png,Image/Pic/131.png,サイコウェーブ,うたかたのアリア,れいとうビーム
131-1,ラプラス(キョダイマックス),Image/Match/131-1.png,Image/Pic/131-1.png,,,
132,メタモン,Image/Match/132.png,Image/Pic/132.png,,,
133,イーブイ,Image/Match/133.png,Image/Pic/133.png,,,
134,シャワーズ,Image/Match/134.png,Image/Pic/134.png,,,
135,サンダース,Image/Match/135.png,Image/Pic/135.png,,,
136,ブースター,Image/Match/136.png,Image/Pic/136.png,,,
137,ポリゴン,Image/Match/137.png,Image/Pic/137.png,,,
138,オムナイト,Image/Match/138.png,Image/Pic/138.png,,,
139,オムスター,Image/Match/139.png,Image/Pic/139.png,,,
140,カブト,Image/Match/140.png,Image/Pic/140.png,,,
141,カブトプス,Image/Match/141.png,Image/Pic/141.png,,,
142,プテラ,Image/Match/142.png,Image/Pic/142.png,,,
142-1,メガプテラ,Image/Match/142-1.png,Image/Pic/142-1.png,,,
143,カビゴン,Image/Match/143.png,Image/Pic/143.png,,,
143-1,カビゴン(キョダイマックス),Image/Match/143-1.png,Image/Pic/143-1.png,,,
144,フリーザー,Image/Match/144.png,Image/Pic/144.png,,,
144-1,フリーザー(ガラルのすがた),Image/Match/144-1.png,Image/Pic/144-1.png,,,
145,サンダー,Image/Match/145.png,Image/Pic/145.png,,,
145-1,サンダー(ガラルのすがた),Image/Match/145-1.png,Image/Pic/145-1.png,,,
146,ファイヤー,Image/Match/146.png,Image/Pic/146.png,,,
146-1,ファイヤー(ガラルのすがた),Image/Match/146-1.png,Image/Pic/146-1.png,ふいうち,そらをとぶ,ブレイブバード
147,ミニリュウ,Image/Match/147.png,Image/Pic/147.png,,,
148,ハクリュー,Image/Match/148.png,Image/Pic/148.png,,,
149,カイリュー,Image/Match/149.png,Image/Pic/149.png,,,
149-1,メガカイリュー,Image/Match/149-1.png,Image/Pic/149-1.png,,,
150,ミュウツー,Image/Match/150.png,Image/Pic/150.png,,,
150-1,アーマードミュウツー,Image/Match/150-1.png,Image/Pic/150-1.png,,,
150-2,メガミュウツーX,Image/Match/150-2.png,Image/Pic/150-2.png,,,
150-3,メガミュウツーY,Image/Match/150-3.png,Image/Pic/150-3.png,,,
151,ミュウ,Image/Match/151.png,Image/Pic/151.png,,,
152,チコリータ,Image/Match/152.png,Image/Pic/152.png,,,
153,ベイリーフ,Image/Match/153.png,Image/Pic/153.png,,,
154,メガニウム,Image/Match/154.png,Image/Pic/154.png,,,
155,ヒノアラシ,Image/Match/155.png,Image/Pic/155.png,,,
156,マグマラシ,Image/Match/156.png,Image/Pic/156.png,,,
157,バクフーン,Image/Match/157.png,Image/Pic/157.png,やきつくす,,
157-1,バクフーン(ヒスイのすがた),Image/Match/157-1.png,Image/Pic/157-1.png,,,
158,ワニノコ,Image/Match/158.png,Image/Pic/158.png,,,
159,アリゲイツ,Image/Match/159.png,Image/Pic/159.png,,,
160,オーダイル,Image/Match/160.png,Image/Pic/160.png,,ハイドロカノン,れいとうビーム
161,オタチ,Image/Match/161.png,Image/Pic/161.png,,,
162,オオタチ,Image/Match/162.png,Image/Pic/162.png,,,
163,ホーホー,Image/Match/163.png,Image/Pic/163.png,,,
164,ヨルノズク,Image/Match/164.png,Image/Pic/164.png,,ゴッドバード,シャドーボール
165,レディバ,Image/Match/165.png,Image/Pic/165.png,,,
166,レディアン,Image/Match/166.png,Image/Pic/166.png,,,
167,イトマル,Image/Match/167.png,Image/Pic/167.png,,,
168,アリアドス,Image/Match/168.png,Image/Pic/168.png,,,
169,クロバット,Image/Match/169.png,Image/Pic/169.png,,,
170,チョンチー,Image/Match/170.png,Image/Pic/170.png,,,
171,ランターン,Image/Match/171.png,Image/Pic/171.png,,,
172,ピチュー,Image/Match/172.png,Image/Pic/172.png,,,
173,ピィ,Image/Match/173.png,Image/Pic/173.png,,,
174,ププリン,Image/Match/174.png,Image/Pic/174.png,,,
175,トゲピー,Image/Match/175.png,Image/Pic/175.png,,,
176,トゲチック,Image/Match/176.png,Image/Pic/176.png,,,
177,ネイティ,Image/Match/177.png,Image/Pic/177.png,,,
178,ネイティオ,Image/Match/178.png,Image/Pic/178.png,,,
179,メリープ,Image/Match/179.png,Image/Pic/179.png,,,
180,モココ,Image/Match/180.png,Image/Pic/180.png,,,
181,デンリュウ,Image/Match/181.png,Image/Pic/181.png,,,
181-1,メガデンリュウ,Image/Match/181-1.png,Image/Pic/181-1.png,,,
182,キレイハナ,Image/Match/182.png,Image/Pic/182.png,,,
183,マリル,Image/Match/183.png,Image/Pic/183.png,,,
184,マリルリ,Image/Match/184.png,Image/Pic/184.png,,,
185,ウソッキー,Image/Match/185.png,Image/Pic/185.png,,,
186,ニョロトノ,Image/Match/186.png,Image/Pic/186.png,,ウェザーボール(みず),れいとうビーム
187,ハネッコ,Image/Match/187.png,Image/Pic/187.png,,,
188,ポポッコ,Image/Match/188.png,Image/Pic/188.png,,,
189,ワタッコ,Image/Match/189.png,Image/Pic/189.png,,,
190,エイパム,Image/Match/190.png,Image/Pic/190.png,,,
191,ヒマナッツ,Image/Match/191.png,Image/Pic/191.png,,,
192,キマワリ,Image/Match/192.png,Image/Pic/192.png,,,
193,ヤンヤンマ,Image/Match/193.png,Image/Pic/193.png,,,
194,ウパー,Image/Match/194.png,Image/Pic/194.png,,,
194-1,ウパー(パルデアのすがた),Image/Match/194-1.png,Image/Pic/194-1.png,,,
195,ヌオー,Image/Match/195.png,Image/Pic/195.png,,,
196,エーフィ,Image/Match/196.png,Image/Pic/196.png,,,
197,ブラッキー,Image/Match/197.png,Image/Pic/197.png,,イカサマ,とっておき
198,ヤミカラス,Image/Match/198.png,Image/Pic/198.png,,,
199,ヤドキング,Image/Match/199.png,Image/Pic/199.png,,,
199-1,ヤドキング(ガラルのすがた),Image/Match/199-1.png,Image/Pic/199-1.png,,,
200,ムウマ,Image/Match/200.png,Image/Pic/200.png,,,
201,アンノーン,Image/Match/201.png,Image/Pic/201.png,,,
202,ソーナンス,Image/Match/202.png,Image/Pic/202.png,,,
203,キリンリキ,Image/Match/203.png,Image/Pic/203.png,,,
204,クヌギダマ,Image/Match/204.png,Image/Pic/204.png,,,
205,フォレトス,Image/Match/205.png,Image/Pic/205.png,,,
206,ノコッチ,Image/Match/206.png,Image/Pic/206.png,,,
207,グライガー,Image/Match/207.png,Image/Pic/207.png,つばさでうつ,つじぎり,つばめがえし
208,ハガネール,Image/Match/208.png,Image/Pic/208.png,かみなりのキバ,サイコファング,かみくだく
208-1,メガハガネール,Image/Match/208-1.png,Image/Pic/208-1.png,,,
209,ブルー,Image/Match/209.png,Image/Pic/209.png,,,
210,グランブル,Image/Match/210.png,Image/Pic/210.png,,,
211,ハリーセン,Image/Match/211.png,Image/Pic/211.png,,アクアテール,れいとうビーム
211-1,ハリーセン(ヒスイのすがた),Image/Match/211-1.png,Image/Pic/211-1.png,,,
212,ハッサム,Image/Match/212.png,Image/Pic/212.png,バレットパンチ,つじぎり,くさわけ
212-1,メガハッサム,Image/Match/212-1.png,Image/Pic/212-1.png,,,
213,ツボツボ,Image/Match/213.png,Image/Pic/213.png,,,
214,ヘラクロス,Image/Match/214.png,Image/Pic/214.png,れんぞくぎり,はやてがえし,がんせきふうじ
214-1,メガヘラクロス,Image/Match/214-1.png,Image/Pic/214-1.png,,,
215,ニューラ,Image/Match/215.png,Image/Pic/215.png,,,
215-1,ニューラ(ヒスイのすがた),Image/Match/215-1.png,Image/Pic/215-1.png,,,
216,ヒメグマ,Image/Match/216.png,Image/Pic/216.png,,,
217,リングマ,Image/Match/217.png,Image/Pic/217.png,,,
218,マグマッグ,Image/Match/218.png,Image/Pic/218.png,,,
219,マグカルゴ,Image/Match/219.png,Image/Pic/219.png,,,
220,ウリムー,Image/Match/220.png,Image/Pic/220.png,,,
221,イノムー,Image/Match/221.png,Image/Pic/221.png,こなゆき,つららばり,ストーンエッジ
222,サニーゴ,Image/Match/222.png,Image/Pic/222.png,,,
222-1,サニーゴ(ガラルのすがた),Image/Match/222-1.png,Image/Pic/222-1.png,,,
223,テッポウオ,Image/Match/223.png,Image/Pic/223.png,,,
224,オクタン,Image/Match/224.png,Image/Pic/224.png,,,
225,デリバード,Image/Match/225.png,Image/Pic/225.png,,,
226,マンタイン,Image/Match/226.png,Image/Pic/226.png,,つばめがえし,みずのはどう
227,エアームド,Image/Match/227.png,Image/Pic/227.png,はがねのつばさ,ゴッドバード,ブレイブバード
228,デルビル,Image/Match/228.png,Image/Pic/228.png,,,
229,ヘルガー,Image/Match/229.png,Image/Pic/229.png,,,
229-1,メガヘルガー,Image/Match/229-1.png,Image/Pic/229-1.png,,,
230,キングドラ,Image/Match/230.png,Image/Pic/230.png,,,
231,ゴマゾウ,Image/Match/231.png,Image/Pic/231.png,,,
232,ドンファン,Image/Match/232.png,Image/Pic/232.png,どろかけ,,
233,ポリゴン2,Image/Match/233.png,Image/Pic/233.png,,,
234,オドシシ,Image/Match/234.png,Image/Pic/234.png,,,
235,ドーブル,Image/Match/235.png,Image/Pic/235.png,,,
236,バルキー,Image/Match/236.png,Image/Pic/236.png,,,
237,カポエラー,Image/Match/237.png,Image/Pic/237.png,,,
238,ムチュール,Image/Match/238.png,Image/Pic/238.png,,,
239,エレキッド,Image/Match/239.png,Image/Pic/239.png,,,
240,ブビィ,Image/Match/240.png,Image/Pic/240.png,,,
241,ミルタンク,Image/Match/241.png,Image/Pic/241.png,ころがる,のしかかり,１０まんボルト
242,ハピナス,Image/Match/242.png,Image/Pic/242.png,,,
243,ライコウ,Image/Match/243.png,Image/Pic/243.png,,,
244,エンテイ,Image/Match/244.png,Image/Pic/244.png,,,
245,スイクン,Image/Match/245.png,Image/Pic/245.png,,,
246,ヨーギラス,Image/Match/246.png,Image/Pic/246.png,,,
247,サナギラス,Image/Match/247.png,Image/Pic/247.png,,,
248,バンギラス,Image/Match/248.png,Image/Pic/248.png,,,
248-1,メガバンギラス,Image/Match/248-1.png,Image/Pic/248-1.png,,,
249,ルギア,Image/Match/249.png,Image/Pic/249.png,,,
249-1,ルギア(APEX),Image/Match/249-1.png,Image/Pic/249-1.png,,,
250,ホウオウ,Image/Match/250.png,Image/Pic/250.png,,,
250-1,ホウオウ(APEX),Image/Match/250-1.png,Image/Pic/250-1.png,,,
251,セレビィ,Image/Match/251.png,Image/Pic/251.png,,,
252,キモリ,Image/Match/252.png,Image/Pic/252.png,,,
253,ジュプトル,Image/Match/253.png,Image/Pic/253.png,,,
254,ジュカイン,Image/Match/254.png,Image/Pic/254.png,れんぞくぎり,リーフブレード,ワイドブレイカー
254-1,メガジュカイン,Image/Match/254-1.png,Image/Pic/254-1.png,れんぞくぎり,リーフブレード,ワイドブレイカー
255,アチャモ,Image/Match/255.png,Image/Pic/255.png,,,
256,ワカシャモ,Image/Match/256.png,Image/Pic/256.png,,,
257,バシャーモ,Image/Match/257.png,Image/Pic/257.png,,,
257-1,メガバシャーモ,Image/Match/257-1.png,Image/Pic/257-1.png,,,
258,ミズゴロウ,Image/Match/258.png,Image/Pic/258.png,,,
259,ヌマクロー,Image/Match/259.png,Image/Pic/259.png,,,
260,ラグラージ,Image/Match/260.png,Image/Pic/260.png,,,
260-1,メガラグラージ,Image/Match/260-1.png,Image/Pic/260-1.png,,,
261,ポチエナ,Image/Match/261.png,Image/Pic/261.png,,,
262,グラエナ,Image/Match/262.png,Image/Pic/262.png,,,
263,ジグザグマ,Image/Match/263.png,Image/Pic/263.png,,,
263-1,ジグザグマ(ガラルのすがた),Image/Match/263-1.png,Image/Pic/263-1.png,,,
264,マッスグマ,Image/Match/264.png,Image/Pic/264.png,,,
264-1,マッスグマ(ガラルのすがた),Image/Match/264-1.png,Image/Pic/264-1.png,,,
265,ケムッソ,Image/Match/265.png,Image/Pic/265.png,,,
266,カラサリス,Image/Match/266.png,Image/Pic/266.png,,,
267,アゲハント,Image/Match/267.png,Image/Pic/267.png,,,
268,マユルド,Image/Match/268.png,Image/Pic/268.png,,,
269,ドクケイル,Image/Match/269.png,Image/Pic/269.png,,,
270,ハスボー,Image/Match/270.png,Image/Pic/270.png,,,
271,ハスブレロ,Image/Match/271.png,Image/Pic/271.png,,,
272,ルンパッパ,Image/Match/272.png,Image/Pic/272.png,,ウェザーボール(みず),リーフストーム
273,タネボー,Image/Match/273.png,Image/Pic/273.png,,,
274,コノハナ,Image/Match/274.png,Image/Pic/274.png,,,
275,ダーテング,Image/Match/275.png,Image/Pic/275.png,,,
276,スバメ,Image/Match/276.png,Image/Pic/276.png,,,
277,オオスバメ,Image/Match/277.png,Image/Pic/277.png,,,
278,キャモメ,Image/Match/278.png,Image/Pic/278.png,,,
279,ペリッパー,Image/Match/279.png,Image/Pic/279.png,,ウェザーボール(みず),ぼうふう
280,ラルトス,Image/Match/280.png,Image/Pic/280.png,,,
281,キルリア,Image/Match/281.png,Image/Pic/281.png,,,
282,サーナイト,Image/Match/282.png,Image/Pic/282.png,,,
282-1,メガサーナイト,Image/Match/282-1.png,Image/Pic/282-1.png,,,
283,アメタマ,Image/Match/283.png,Image/Pic/283.png,,,
284,アメモース,Image/Match/284.png,Image/Pic/284.png,,,
285,キノココ,Image/Match/285.png,Image/Pic/285.png,,,
286,キノガッサ,Image/Match/286.png,Image/Pic/286.png,,タネばくだん,ばくれつパンチ
287,ナマケロ,Image/Match/287.png,Image/Pic/287.png,,,
288,ヤルキモノ,Image/Match/288.png,Image/Pic/288.png,,,
289,ケッキング,Image/Match/289.png,Image/Pic/289.png,,,
290,ツチニン,Image/Match/290.png,Image/Pic/290.png,,,
291,テッカニン,Image/Match/291.png,Image/Pic/291.png,,,
292,ヌケニン,Image/Match/292.png,Image/Pic/292.png,,,
293,ゴニョニョ,Image/Match/293.png,Image/Pic/293.png,,,
294,ドゴーム,Image/Match/294.png,Image/Pic/294.png,,,
295,バクオング,Image/Match/295.png,Image/Pic/295.png,,,
296,マクノシタ,Image/Match/296.png,Image/Pic/296.png,,,
297,ハリテヤマ,Image/Match/297.png,Image/Pic/297.png,,,
298,ルリリ,Image/Match/298.png,Image/Pic/298.png,,,
299,ノズパス,Image/Match/299.png,Image/Pic/299.png,,,
300,エネコ,Image/Match/300.png,Image/Pic/300.png,,,
301,エネコロロ,Image/Match/301.png,Image/Pic/301.png,,,
302,ヤミラミ,Image/Match/302.png,Image/Pic/302.png,,,
302-1,メガヤミラミ,Image/Match/302-1.png,Image/Pic/302-1.png,,,
303,クチート,Image/Match/303.png,Image/Pic/303.png,,,
303-1,メガクチート,Image/Match/303-1.png,Image/Pic/303-1.png,,,
304,ココドラ,Image/Match/304.png,Image/Pic/304.png,,,
305,コドラ,Image/Match/305.png,Image/Pic/305.png,,,
306,ボスゴドラ,Image/Match/306.png,Image/Pic/306.png,,,
306-1,メガボスゴドラ,Image/Match/306-1.png,Image/Pic/306-1.png,,,
307,アサナン,Image/Match/307.png,Image/Pic/307.png,,,
308,チャーレム,Image/Match/308.png,Image/Pic/308.png,,れいとうパンチ,ばくれつパンチ
308-1,メガチャーレム,Image/Match/308-1.png,Image/Pic/308-1.png,,,
309,ラクライ,Image/Match/309.png,Image/Pic/309.png,,,
310,ライボルト,Image/Match/310.png,Image/Pic/310.png,,,
310-1,メガライボルト,Image/Match/310-1.png,Image/Pic/310-1.png,,,
311,プラスル,Image/Match/311.png,Image/Pic/311.png,,,
312,マイナン,Image/Match/312.png,Image/Pic/312.png,,,
313,バルビート,Image/Match/313.png,Image/Pic/313.png,,,
314,イルミーゼ,Image/Match/314.png,Image/Pic/314.png,,,
315,ロゼリア,Image/Match/315.png,Image/Pic/315.png,,,
316,ゴクリン,Image/Match/316.png,Image/Pic/316.png,,,
317,マルノーム,Image/Match/317.png,Image/Pic/317.png,,ヘドロこうげき,れいとうビーム
318,キバニア,Image/Match/318.png,Image/Pic/318.png,,,
319,サメハダー,Image/Match/319.png,Image/Pic/319.png,,,
319-1,メガサメハダー,Image/Match/319-1.png,Image/Pic/319-1.png,,,
320,ホエルコ,Image/Match/320.png,Image/Pic/320.png,,,
321,ホエルオー,Image/Match/321.png,Image/Pic/321.png,,,
322,ドンメル,Image/Match/322.png,Image/Pic/322.png,,,
323,バクーダ,Image/Match/323.png,Image/Pic/323.png,,,
323-1,メガバクーダ,Image/Match/323-1.png,Image/Pic/323-1.png,,,
324,コータス,Image/Match/324.png,Image/Pic/324.png,,,
325,バネブー,Image/Match/325.png,Image/Pic/325.png,,,
326,ブーピッグ,Image/Match/326.png,Image/Pic/326.png,,,
327,パッチール,Image/Match/327.png,Image/Pic/327.png,,,
328,ナックラー,Image/Match/328.png,Image/Pic/328.png,,,
329,ビブラーバ,Image/Match/329.png,Image/Pic/329.png,,,
330,フライゴン,Image/Match/330.png,Image/Pic/330.png,,,
331,サボネア,Image/Match/331.png,Image/Pic/331.png,,,
332,ノクタス,Image/Match/332.png,Image/Pic/332.png,,,
333,チルット,Image/Match/333.png,Image/Pic/333.png,,,
334,チルタリス,Image/Match/334.png,Image/Pic/334.png,,ゴッドバード,かえんほうしゃ
334-1,メガチルタリス,Image/Match/334-1.png,Image/Pic/334-1.png,,,
335,ザングース,Image/Match/335.png,Image/Pic/335.png,,,
336,ハブネーク,Image/Match/336.png,Image/Pic/336.png,,,
337,ルナトーン,Image/Match/337.png,Image/Pic/337.png,,,
338,ソルロック,Image/Match/338.png,Image/Pic/338.png,,,
339,ドジョッチ,Image/Match/339.png,Image/Pic/339.png,,,
340,ナマズン,Image/Match/340.png,Image/Pic/340.png,,,
341,ヘイガニ,Image/Match/341.png,Image/Pic/341.png,,,
342,シザリガー,Image/Match/342.png,Image/Pic/342.png,,,
343,ヤジロン,Image/Match/343.png,Image/Pic/343.png,,,
344,ネンドール,Image/Match/344.png,Image/Pic/344.png,どろかけ,がんせきふうじ,シャドーボール
345,リリーラ,Image/Match/345.png,Image/Pic/345.png,,,
346,ユレイドル,Image/Match/346.png,Image/Pic/346.png,,,
347,アノプス,Image/Match/347.png,Image/Pic/347.png,,,
348,アーマルド,Image/Match/348.png,Image/Pic/348.png,,,
349,ヒンバス,Image/Match/349.png,Image/Pic/349.png,,,
350,ミロカロス,Image/Match/350.png,Image/Pic/350.png,,,
351,ポワルン,Image/Match/351.png,Image/Pic/351.png,,ウェザーボール(いわ),エナジーボール
351-1,ポワルン(たいようのすがた),Image/Match/351-1.png,Image/Pic/351-1.png,,ウェザーボール(ほのお),ソーラービーム
351-2,ポワルン(あまみずのすがた),Image/Match/351-2.png,Image/Pic/351-2.png,,ウェザーボール(みず),かみなり
351-3,ポワルン(ゆきぐものすがた),Image/Match/351-3.png,Image/Pic/351-3.png,,,
352,カクレオン,Image/Match/352.png,Image/Pic/352.png,,,
353,カゲボウズ,Image/Match/353.png,Image/Pic/353.png,,,
354,ジュペッタ,Image/Match/354.png,Image/Pic/354.png,,,
354-1,メガジュペッタ,Image/Match/354-1.png,Image/Pic/354-1.png,,,
355,ヨマワル,Image/Match/355.png,Image/Pic/355.png,,,
356,サマヨール,Image/Match/356.png,Image/Pic/356.png,,シャドーパンチ,れいとうパンチ
357,トロピウス,Image/Match/357.png,Image/Pic/357.png,エアスラッシュ,,
358,チリーン,Image/Match/358.png,Image/Pic/358.png,,,
359,アブソル,Image/Match/359.png,Image/Pic/359.png,,,
359-1,メガアブソル,Image/Match/359-1.png,Image/Pic/359-1.png,,,
360,ソーナノ,Image/Match/360.png,Image/Pic/360.png,,,
361,ユキワラシ,Image/Match/361.png,Image/Pic/361.png,,,
362,オニゴーリ,Image/Match/362.png,Image/Pic/362.png,ころがる,,
362-1,メガオニゴーリ,Image/Match/362-1.png,Image/Pic/362-1.png,,,
363,タマザラシ,Image/Match/363.png,Image/Pic/363.png,,,
364,トドグラー,Image/Match/364.png,Image/Pic/364.png,,,
365,トドゼルガ,Image/Match/365.png,Image/Pic/365.png,,,
366,パールル,Image/Match/366.png,Image/Pic/366.png,,,
367,ハンテール,Image/Match/367.png,Image/Pic/367.png,,,
368,サクラビス,Image/Match/368.png,Image/Pic/368.png,,,
369,ジーランス,Image/Match/369.png,Image/Pic/369.png,,,
370,ラブカス,Image/Match/370.png,Image/Pic/370.png,,,
371,タツベイ,Image/Match/371.png,Image/Pic/371.png,,,
372,コモルー,Image/Match/372.png,Image/Pic/372.png,,たつまき,かえんほうしゃ
373,ボーマンダ,Image/Match/373.png,Image/Pic/373.png,,,
373-1,メガボーマンダ,Image/Match/373-1.png,Image/Pic/373-1.png,,,
374,ダンバル,Image/Match/374.png,Image/Pic/374.png,,,
375,メタング,Image/Match/375.png,Image/Pic/375.png,,,
376,メタグロス,Image/Match/376.png,Image/Pic/376.png,シャドークロー,,
376-1,メガメタグロス,Image/Match/376-1.png,Image/Pic/376-1.png,,,
377,レジロック,Image/Match/377.png,Image/Pic/377.png,,,
378,レジアイス,Image/Match/378.png,Image/Pic/378.png,,ふぶき,かみなり
379,レジスチル,Image/Match/379.png,Image/Pic/379.png,,きあいだま,でんじほう
380,ラティアス,Image/Match/380.png,Image/Pic/380.png,,,
380-1,メガラティアス,Image/Match/380-1.png,Image/Pic/380-1.png,,,
381,ラティオス,Image/Match/381.png,Image/Pic/381.png,,,
381-1,メガラティオス,Image/Match/381-1.png,Image/Pic/381-1.png,,,
382,カイオーガ,Image/Match/382.png,Image/Pic/382.png,,,
382-1,ゲンシカイオーガ,Image/Match/382-1.png,Image/Pic/382-1.png,,,
383,グラードン,Image/Match/383.png,Image/Pic/383.png,,,
383-1,ゲンシグラードン,Image/Match/383-1.png,Image/Pic/383-1.png,,,
384,レックウザ,Image/Match/384.png,Image/Pic/384.png,,,
384-1,メガレックウザ,Image/Match/384-1.png,Image/Pic/384-1.png,,,
385,ジラーチ,Image/Match/385.png,Image/Pic/385.png,,,
386,デオキシス,Image/Match/386.png,Image/Pic/386.png,,,
386-1,デオキシス(アタックフォルム),Image/Match/386-1.png,Image/Pic/386-1.png,,,
386-2,デオキシス(ディフェンスフォルム),Image/Match/386-2.png,Image/Pic/386-2.png,,,
386-3,デオキシス(スピードフォルム),Image/Match/386-3.png,Image/Pic/386-3.png,,,
387,ナエトル,Image/Match/387.png,Image/Pic/387.png,,,
388,ハヤシガメ,Image/Match/388.png,Image/Pic/388.png,,,
389,ドダイトス,Image/Match/389.png,Image/Pic/389.png,,,
390,ヒコザル,Image/Match/390.png,Image/Pic/390.png,,,
391,モウカザル,Image/Match/391.png,Image/Pic/391.png,,,
392,ゴウカザル,Image/Match/392.png,Image/Pic/392.png,,,
393,ポッチャマ,Image/Match/393.png,Image/Pic/393.png,,,
394,ポッタイシ,Image/Match/394.png,Image/Pic/394.png,,,
395,エンペルト,Image/Match/395.png,Image/Pic/395.png,,,
396,ムックル,Image/Match/396.png,Image/Pic/396.png,,,
397,ムクバード,Image/Match/397.png,Image/Pic/397.png,,,
398,ムクホーク,Image/Match/398.png,Image/Pic/398.png,,,
399,ビッパ,Image/Match/399.png,Image/Pic/399.png,,,
400,ビーダル,Image/Match/400.png,Image/Pic/400.png,,,
401,コロボーシ,Image/Match/401.png,Image/Pic/401.png,,,
402,コロトック,Image/Match/402.png,Image/Pic/402.png,,,
403,コリンク,Image/Match/403.png,Image/Pic/403.png,,,
404,ルクシオ,Image/Match/404.png,Image/Pic/404.png,,,
405,レントラー,Image/Match/405.png,Image/Pic/405.png,,,
406,スボミー,Image/Match/406.png,Image/Pic/406.png,,,
407,ロズレイド,Image/Match/407.png,Image/Pic/407.png,,ウェザーボール(ほのお),リーフストーム
408,ズガイドス,Image/Match/408.png,Image/Pic/408.png,,,
409,ラムパルド,Image/Match/409.png,Image/Pic/409.png,,,
410,タテトプス,Image/Match/410.png,Image/Pic/410.png,,,
411,トリデプス,Image/Match/411.png,Image/Pic/411.png,,,
412,ミノムッチ,Image/Match/412.png,Image/Pic/412.png,,,
413,ミノマダム(くさきのミノ),Image/Match/413.png,Image/Pic/413.png,,,
413-1,ミノマダム(すなちのミノ),Image/Match/413-1.png,Image/Pic/413-1.png,,,
413-2,ミノマダム(ゴミのミノ),Image/Match/413-2.png,Image/Pic/413-2.png,,,
414,ガーメイル,Image/Match/414.png,Image/Pic/414.png,,,
415,ミツハニー,Image/Match/415.png,Image/Pic/415.png,,,
416,ビークイン,Image/Match/416.png,Image/Pic/416.png,,,
417,パチリス,Image/Match/417.png,Image/Pic/417.png,,,
418,ブイゼル,Image/Match/418.png,Image/Pic/418.png,,,
419,フローゼル,Image/Match/419.png,Image/Pic/419.png,,,
420,チェリンボ,Image/Match/420.png,Image/Pic/420.png,,,
421,チェリム,Image/Match/421.png,Image/Pic/421.png,,,
421-1,チェリム(ポジフォルム),Image/Match/421-1.png,Image/Pic/421-1.png,,,
422,カラナクシ,Image/Match/422.png,Image/Pic/422.png,,,
423,トリトドン,Image/Match/423.png,Image/Pic/423.png,,,
424,エテボース,Image/Match/424.png,Image/Pic/424.png,,,
425,フワンテ,Image/Match/425.png,Image/Pic/425.png,,,
426,フワライド,Image/Match/426.png,Image/Pic/426.png,,こごえるかぜ,シャドーボール
427,ミミロル,Image/Match/427.png,Image/Pic/427.png,,,
428,ミミロップ,Image/Match/428.png,Image/Pic/428.png,,,
428-1,メガミミロップ,Image/Match/428-1.png,Image/Pic/428-1.png,,,
429,ムウマージ,Image/Match/429.png,Image/Pic/429.png,,,
430,ドンカラス,Image/Match/430.png,Image/Pic/430.png,,,
431,ニャルマー,Image/Match/431.png,Image/Pic/431.png,,,
432,ブニャット,Image/Match/432.png,Image/Pic/432.png,,,
433,リーシャン,Image/Match/433.png,Image/Pic/433.png,,,
434,スカンプー,Image/Match/434.png,Image/Pic/434.png,,,
435,スカタンク,Image/Match/435.png,Image/Pic/435.png,,,
436,ドーミラー,Image/Match/436.png,Image/Pic/436.png,,,
437,ドータクン,Image/Match/437.png,Image/Pic/437.png,,,
438,ウソハチ,Image/Match/438.png,Image/Pic/438.png,,,
439,マネネ,Image/Match/439.png,Image/Pic/439.png,,,
440,ピンプク,Image/Match/440.png,Image/Pic/440.png,,,
441,ペラップ,Image/Match/441.png,Image/Pic/441.png,,,
442,ミカルゲ,Image/Match/442.png,Image/Pic/442.png,,,
443,フカマル,Image/Match/443.png,Image/Pic/443.png,,,
444,ガバイト,Image/Match/444.png,Image/Pic/444.png,,,
445,ガブリアス,Image/Match/445.png,Image/Pic/445.png,,たつまき,すなじごく
445-1,メガガブリアス,Image/Match/445-1.png,Image/Pic/445-1.png,,,
446,ゴンベ,Image/Match/446.png,Image/Pic/446.png,,,
447,リオル,Image/Match/447.png,Image/Pic/447.png,,,
448,ルカリオ,Image/Match/448.png,Image/Pic/448.png,,,
448-1,メガルカリオ,Image/Match/448-1.png,Image/Pic/448-1.png,,,
449,ヒポポタス,Image/Match/449.png,Image/Pic/449.png,,,
450,カバルドン,Image/Match/450.png,Image/Pic/450.png,,,
451,スコルピ,Image/Match/451.png,Image/Pic/451.png,,,
452,ドラピオン,Image/Match/452.png,Image/Pic/452.png,,,
453,グレッグル,Image/Match/453.png,Image/Pic/453.png,,,
454,ドクロッグ,Image/Match/454.png,Image/Pic/454.png,,,
455,マスキッパ,Image/Match/455.png,Image/Pic/455.png,,,
456,ケイコウオ,Image/Match/456.png,Image/Pic/456.png,,,
457,ネオラント,Image/Match/457.png,Image/Pic/457.png,,,
458,タマンタ,Image/Match/458.png,Image/Pic/458.png,,,
459,ユキカブリ,Image/Match/459.png,Image/Pic/459.png,,,
460,ユキノオー,Image/Match/460.png,Image/Pic/460.png,こなゆき,ウェザーボール(こおり),エナジーボール
460-1,メガユキノオー,Image/Match/460-1.png,Image/Pic/460-1.png,,,
461,マニューラ,Image/Match/461.png,Image/Pic/461.png,,,
462,ジバコイル,Image/Match/462.png,Image/Pic/462.png,ボルトチェンジ,ミラーショット,ワイルドボルト
463,ベロベルト,Image/Match/463.png,Image/Pic/463.png,,,
464,ドサイドン,Image/Match/464.png,Image/Pic/464.png,,,
465,モジャンボ,Image/Match/465.png,Image/Pic/465.png,,,
466,エレキブル,Image/Match/466.png,Image/Pic/466.png,,,
467,ブーバーン,Image/Match/467.png,Image/Pic/467.png,,,
468,トゲキッス,Image/Match/468.png,Image/Pic/468.png,,,
469,メガヤンマ,Image/Match/469.png,Image/Pic/469.png,,,
470,リーフィア,Image/Match/470.png,Image/Pic/470.png,,,
471,グレイシア,Image/Match/471.png,Image/Pic/471.png,,,
472,グライオン,Image/Match/472.png,Image/Pic/472.png,つばさでうつ,,
473,マンムー,Image/Match/473.png,Image/Pic/473.png,どろかけ,つららばり,ストーンエッジ
474,ポリゴンZ,Image/Match/474.png,Image/Pic/474.png,,,
475,エルレイド,Image/Match/475.png,Image/Pic/475.png,,,
475-1,メガエルレイド,Image/Match/475-1.png,Image/Pic/475-1.png,,,
476,ダイノーズ,Image/Match/476.png,Image/Pic/476.png,いわおとし,マグネットボム,いわなだれ
477,ヨノワール,Image/Match/477.png,Image/Pic/477.png,おどろかす,,
478,ユキメノコ,Image/Match/478.png,Image/Pic/478.png,,,
479,ロトム,Image/Match/479.png,Image/Pic/479.png,,,
479-1,ヒートロトム,Image/Match/479-1.png,Image/Pic/479-1.png,,,
479-2,ウォッシュロトム,Image/Match/479-2.png,Image/Pic/479-2.png,,,
479-3,フロストロトム,Image/Match/479-3.png,Image/Pic/479-3.png,,,
479-4,スピンロトム,Image/Match/479-4.png,Image/Pic/479-4.png,,,
480,ユクシー,Image/Match/480.png,Image/Pic/480.png,,,
481,エムリット,Image/Match/481.png,Image/Pic/481.png,,,
482,アグノム,Image/Match/482.png,Image/Pic/482.png,,,
483,ディアルガ,Image/Match/483.png,Image/Pic/483.png,,,
483-1,ディアルガ(オリジンフォルム),Image/Match/483-1.png,Image/Pic/483-1.png,,,
484,パルキア,Image/Match/484.png,Image/Pic/484.png,,,
484-1,パルキア(オリジンフォルム),Image/Match/484-1.png,Image/Pic/484-1.png,,,
485,ヒードラン,Image/Match/485.png,Image/Pic/485.png,,,
486,レジギガス,Image/Match/486.png,Image/Pic/486.png,,,
487,ギラティナ,Image/Match/487.png,Image/Pic/487.png,,,
487-1,ギラティナ(オリジンフォルム),Image/Match/487-1.png,Image/Pic/487-1.png,,,
488,クレセリア,Image/Match/488.png,Image/Pic/488.png,,,
489,フィオネ,Image/Match/489.png,Image/Pic/489.png,,,
490,マナフィ,Image/Match/490.png,Image/Pic/490.png,,,
491,ダークライ,Image/Match/491.png,Image/Pic/491.png,,,
492,シェイミ,Image/Match/492.png,Image/Pic/492.png,,,
492-1,シェイミ(スカイフォルム),Image/Match/492-1.png,Image/Pic/492-1.png,,,
493,アルセウス,Image/Match/493.png,Image/Pic/493.png,,,
494,ビクティニ,Image/Match/494.png,Image/Pic/494.png,,,
495,ツタージャ,Image/Match/495.png,Image/Pic/495.png,,,
496,ジャノビー,Image/Match/496.png,Image/Pic/496.png,,,
497,ジャローダ,Image/Match/497.png,Image/Pic/497.png,,ハードプラント,つばめがえし
498,ポカブ,Image/Match/498.png,Image/Pic/498.png,,,
499,チャオブー,Image/Match/499.png,Image/Pic/499.png,,,
500,エンブオー,Image/Match/500.png,Image/Pic/500.png,,,
501,ミジュマル,Image/Match/501.png,Image/Pic/501.png,,,
502,フタチマル,Image/Match/502.png,Image/Pic/502.png,,,
503,ダイケンキ,Image/Match/503.png,Image/Pic/503.png,,ハイドロカノン,メガホーン
503-1,ダイケンキ(ヒスイのすがた),Image/Match/503-1.png,Image/Pic/503-1.png,,,
504,ミネズミ,Image/Match/504.png,Image/Pic/504.png,,,
505,ミルホッグ,Image/Match/505.png,Image/Pic/505.png,,,
506,ヨーテリー,Image/Match/506.png,Image/Pic/506.png,,,
507,ハーデリア,Image/Match/507.png,Image/Pic/507.png,,,
508,ムーランド,Image/Match/508.png,Image/Pic/508.png,,,
509,チョロネコ,Image/Match/509.png,Image/Pic/509.png,,,
510,レパルダス,Image/Match/510.png,Image/Pic/510.png,,,
511,ヤナップ,Image/Match/511.png,Image/Pic/511.png,,,
512,ヤナッキー,Image/Match/512.png,Image/Pic/512.png,,,
513,バオップ,Image/Match/513.png,Image/Pic/513.png,,,
514,バオッキー,Image/Match/514.png,Image/Pic/514.png,,,
515,ヒヤップ,Image/Match/515.png,Image/Pic/515.png,,,
516,ヒヤッキー,Image/Match/516.png,Image/Pic/516.png,,,
517,ムンナ,Image/Match/517.png,Image/Pic/517.png,,,
518,ムシャーナ,Image/Match/518.png,Image/Pic/518.png,,,
519,マメパト,Image/Match/519.png,Image/Pic/519.png,,,
520,ハトーボー,Image/Match/520.png,Image/Pic/520.png,,,
521,ケンホロウ,Image/Match/521.png,Image/Pic/521.png,,,
522,シママ,Image/Match/522.png,Image/Pic/522.png,,,
523,ゼブライカ,Image/Match/523.png,Image/Pic/523.png,,,
524,ダンゴロ,Image/Match/524.png,Image/Pic/524.png,,,
525,ガントル,Image/Match/525.png,Image/Pic/525.png,,,
526,ギガイアス,Image/Match/526.png,Image/Pic/526.png,,,
527,コロモリ,Image/Match/527.png,Image/Pic/527.png,,,
528,ココロモリ,Image/Match/528.png,Image/Pic/528.png,,,
529,モグリュー,Image/Match/529.png,Image/Pic/529.png,,,
530,ドリュウズ,Image/Match/530.png,Image/Pic/530.png,,,
531,タブンネ,Image/Match/531.png,Image/Pic/531.png,,,
531-1,メガタブンネ,Image/Match/531-1.png,Image/Pic/531-1.png,,,
532,ドッコラー,Image/Match/532.png,Image/Pic/532.png,,,
533,ドテッコツ,Image/Match/533.png,Image/Pic/533.png,,,
534,ローブシン,Image/Match/534.png,Image/Pic/534.png,,,
535,オタマロ,Image/Match/535.png,Image/Pic/535.png,,,
536,ガマガル,Image/Match/536.png,Image/Pic/536.png,,,
537,ガマゲロゲ,Image/Match/537.png,Image/Pic/537.png,,,
538,ナゲキ,Image/Match/538.png,Image/Pic/538.png,,,
539,ダゲキ,Image/Match/539.png,Image/Pic/539.png,,,
540,クルミル,Image/Match/540.png,Image/Pic/540.png,,,
541,クルマユ,Image/Match/541.png,Image/Pic/541.png,,,
542,ハハコモリ,Image/Match/542.png,Image/Pic/542.png,,,
543,フシデ,Image/Match/543.png,Image/Pic/543.png,,,
544,ホイーガ,Image/Match/544.png,Image/Pic/544.png,,,
545,ペンドラー,Image/Match/545.png,Image/Pic/545.png,,,
546,モンメン,Image/Match/546.png,Image/Pic/546.png,,,
547,エルフーン,Image/Match/547.png,Image/Pic/547.png,,,
548,チュリネ,Image/Match/548.png,Image/Pic/548.png,,,
549,ドレディア,Image/Match/549.png,Image/Pic/549.png,,,
549-1,ドレディア(ヒスイのすがた),Image/Match/549-1.png,Image/Pic/549-1.png,,,
550,バスラオ,Image/Match/550.png,Image/Pic/550.png,,,
550-1,バスラオ(しろすじのすがた),Image/Match/550-1.png,Image/Pic/550-1.png,,,
551,メグロコ,Image/Match/551.png,Image/Pic/551.png,,,
552,ワルビル,Image/Match/552.png,Image/Pic/552.png,,,
553,ワルビアル,Image/Match/553.png,Image/Pic/553.png,,,
554,ダルマッカ,Image/Match/554.png,Image/Pic/554.png,,,
554-1,ダルマッカ(ガラルのすがた),Image/Match/554-1.png,Image/Pic/554-1.png,,,
555,ヒヒダルマ,Image/Match/555.png,Image/Pic/555.png,,,
555-1,ヒヒダルマ(ダルマモード),Image/Match/555-1.png,Image/Pic/555-1.png,,,
555-2,ヒヒダルマ(ガラルのすがた),Image/Match/555-2.png,Image/Pic/555-2.png,,,
555-3,ヒヒダルマ(ダルマ・ガラル),Image/Match/555-3.png,Image/Pic/555-3.png,,,
556,マラカッチ,Image/Match/556.png,Image/Pic/556.png,,,
557,イシズマイ,Image/Match/557.png,Image/Pic/557.png,,,
558,イワパレス,Image/Match/558.png,Image/Pic/558.png,,,
559,ズルッグ,Image/Match/559.png,Image/Pic/559.png,,,
560,ズルズキン,Image/Match/560.png,Image/Pic/560.png,カウンター,,
561,シンボラー,Image/Match/561.png,Image/Pic/561.png,,,
562,デスマス,Image/Match/562.png,Image/Pic/562.png,,,
562-1,デスマス(ガラルのすがた),Image/Match/562-1.png,Image/Pic/562-1.png,,,
563,デスカーン,Image/Match/563.png,Image/Pic/563.png,,,
564,プロトーガ,Image/Match/564.png,Image/Pic/564.png,,,
565,アバゴーラ,Image/Match/565.png,Image/Pic/565.png,,,
566,アーケン,Image/Match/566.png,Image/Pic/566.png,,,
567,アーケオス,Image/Match/567.png,Image/Pic/567.png,,,
568,ヤブクロン,Image/Match/568.png,Image/Pic/568.png,,,
569,ダストダス,Image/Match/569.png,Image/Pic/569.png,,,
569-1,ダストダス(キョダイマックス),Image/Match/569-1.png,Image/Pic/569-1.png,,,
570,ゾロア,Image/Match/570.png,Image/Pic/570.png,,,
570-1,ゾロア(ヒスイのすがた),Image/Match/570-1.png,Image/Pic/570-1.png,,,
571,ゾロアーク,Image/Match/571.png,Image/Pic/571.png,,,
571-1,ゾロアーク(ヒスイのすがた),Image/Match/571-1.png,Image/Pic/571-1.png,,,
572,チラーミィ,Image/Match/572.png,Image/Pic/572.png,,,
573,チラチーノ,Image/Match/573.png,Image/Pic/573.png,,,
574,ゴチム,Image/Match/574.png,Image/Pic/574.png,,,
575,ゴチミル,Image/Match/575.png,Image/Pic/575.png,,,
576,ゴチルゼル,Image/Match/576.png,Image/Pic/576.png,,,
577,ユニラン,Image/Match/577.png,Image/Pic/577.png,,,
578,ダブラン,Image/Match/578.png,Image/Pic/578.png,,,
579,ランクルス,Image/Match/579.png,Image/Pic/579.png,,,
580,コアルヒー,Image/Match/580.png,Image/Pic/580.png,,,
581,スワンナ,Image/Match/581.png,Image/Pic/581.png,,,
582,バニプッチ,Image/Match/582.png,Image/Pic/582.png,,,
583,バニリッチ,Image/Match/583.png,Image/Pic/583.png,,,
584,バイバニラ,Image/Match/584.png,Image/Pic/584.png,,,
585,シキジカ,Image/Match/585.png,Image/Pic/585.png,,,
586,メブキジカ,Image/Match/586.png,Image/Pic/586.png,,,
587,エモンガ,Image/Match/587.png,Image/Pic/587.png,,,
588,カブルモ,Image/Match/588.png,Image/Pic/588.png,,,
589,シュバルゴ,Image/Match/589.png,Image/Pic/589.png,,,
590,タマゲタケ,Image/Match/590.png,Image/Pic/590.png,,,
591,モロバレル,Image/Match/591.png,Image/Pic/591.png,,,
592,プルリル,Image/Match/592.png,Image/Pic/592.png,,,
593,ブルンゲル,Image/Match/593.png,Image/Pic/593.png,,,
594,ママンボウ,Image/Match/594.png,Image/Pic/594.png,,,
595,バチュル,Image/Match/595.png,Image/Pic/595.png,,,
596,デンチュラ,Image/Match/596.png,Image/Pic/596.png,ボルトチェンジ,ほうでん,とびかかる
597,テッシード,Image/Match/597.png,Image/Pic/597.png,,,
598,ナットレイ,Image/Match/598.png,Image/Pic/598.png,,パワーウィップ,かみなり
599,ギアル,Image/Match/599.png,Image/Pic/599.png,,,
600,ギギアル,Image/Match/600.png,Image/Pic/600.png,,,
601,ギギギアル,Image/Match/601.png,Image/Pic/601.png,,,
602,シビシラス,Image/Match/602.png,Image/Pic/602.png,,,
603,シビビール,Image/Match/603.png,Image/Pic/603.png,,,
604,シビルドン,Image/Match/604.png,Image/Pic/604.png,,,
605,リグレー,Image/Match/605.png,Image/Pic/605.png,,,
606,オーベム,Image/Match/606.png,Image/Pic/606.png,,,
607,ヒトモシ,Image/Match/607.png,Image/Pic/607.png,,,
608,ランプラー,Image/Match/608.png,Image/Pic/608.png,,,
609,シャンデラ,Image/Match/609.png,Image/Pic/609.png,,,
610,キバゴ,Image/Match/610.png,Image/Pic/610.png,,,
611,オノンド,Image/Match/611.png,Image/Pic/611.png,,,
612,オノノクス,Image/Match/612.png,Image/Pic/612.png,,,
613,クマシュン,Image/Match/613.png,Image/Pic/613.png,,,
614,ツンベアー,Image/Match/614.png,Image/Pic/614.png,,,
615,フリージオ,Image/Match/615.png,Image/Pic/615.png,,,
616,チョボマキ,Image/Match/616.png,Image/Pic/616.png,,,
617,アギルダー,Image/Match/617.png,Image/Pic/617.png,,,
618,マッギョ,Image/Match/618.png,Image/Pic/618.png,,,
618-1,マッギョ(ガラルのすがた),Image/Match/618-1.png,Image/Pic/618-1.png,,,
619,コジョフー,Image/Match/619.png,Image/Pic/619.png,,,
620,コジョンド,Image/Match/620.png,Image/Pic/620.png,,,
621,クリムガン,Image/Match/621.png,Image/Pic/621.png,,,
622,ゴビット,Image/Match/622.png,Image/Pic/622.png,,,
623,ゴルーグ,Image/Match/623.png,Image/Pic/623.png,,,
624,コマタナ,Image/Match/624.png,Image/Pic/624.png,,,
625,キリキザン,Image/Match/625.png,Image/Pic/625.png,,,
626,バッフロン,Image/Match/626.png,Image/Pic/626.png,,,
627,ワシボン,Image/Match/627.png,Image/Pic/627.png,,,
628,ウォーグル,Image/Match/628.png,Image/Pic/628.png,,,
628-1,ウォーグル(ヒスイのすがた),Image/Match/628-1.png,Image/Pic/628-1.png,,,
629,バルチャイ,Image/Match/629.png,Image/Pic/629.png,,,
630,バルジーナ,Image/Match/630.png,Image/Pic/630.png,,,
631,クイタラン,Image/Match/631.png,Image/Pic/631.png,,,
632,アイアント,Image/Match/632.png,Image/Pic/632.png,,,
633,モノズ,Image/Match/633.png,Image/Pic/633.png,,,
634,ジヘッド,Image/Match/634.png,Image/Pic/634.png,,,
635,サザンドラ,Image/Match/635.png,Image/Pic/635.png,,,
636,メラルバ,Image/Match/636.png,Image/Pic/636.png,,,
637,ウルガモス,Image/Match/637.png,Image/Pic/637.png,,,
638,コバルオン,Image/Match/638.png,Image/Pic/638.png,,,
639,テラキオン,Image/Match/639.png,Image/Pic/639.png,,,
640,ビリジオン,Image/Match/640.png,Image/Pic/640.png,,,
641,トルネロス,Image/Match/641.png,Image/Pic/641.png,,,
641-1,れいじゅうトルネロス,Image/Match/641-1.png,Image/Pic/641-1.png,,,
642,ボルトロス,Image/Match/642.png,Image/Pic/642.png,,,
642-1,れいじゅうボルトロス,Image/Match/642-1.png,Image/Pic/642-1.png,,,
643,レシラム,Image/Match/643.png,Image/Pic/643.png,,,
644,ゼクロム,Image/Match/644.png,Image/Pic/644.png,,,
645,ランドロス,Image/Match/645.png,Image/Pic/645.png,,,
645-1,れいじゅうランドロス,Image/Match/645-1.png,Image/Pic/645-1.png,,,
646,キュレム,Image/Match/646.png,Image/Pic/646.png,,,
646-1,ホワイトキュレム,Image/Match/646-1.png,Image/Pic/646-1.png,,,
646-2,ブラックキュレム,Image/Match/646-2.png,Image/Pic/646-2.png,,,
647,ケルディオ,Image/Match/647.png,Image/Pic/647.png,,,
647-1,ケルディオ(かくごのすがた),Image/Match/647-1.png,Image/Pic/647-1.png,,,
648,メロエッタ,Image/Match/648.png,Image/Pic/648.png,,,
648-1,メロエッタ(ステップフォルム),Image/Match/648-1.png,Image/Pic/648-1.png,,,
649,ゲノセクト,Image/Match/649.png,Image/Pic/649.png,,,
649-1,ゲノセクト(ブレイズカセット),Image/Match/649-1.png,Image/Pic/649-1.png,,,
649-2,ゲノセクト(アクアカセット),Image/Match/649-2.png,Image/Pic/649-2.png,,,
649-3,ゲノセクト(イナズマカセット),Image/Match/649-3.png,Image/Pic/649-3.png,,,
649-4,ゲノセクト(フリーズカセット),Image/Match/649-4.png,Image/Pic/649-4.png,,,
650,ハリマロン,Image/Match/650.png,Image/Pic/650.png,,,
651,ハリボーグ,Image/Match/651.png,Image/Pic/651.png,,,
652,ブリガロン,Image/Match/652.png,Image/Pic/652.png,,,
653,フォッコ,Image/Match/653.png,Image/Pic/653.png,,,
654,テールナー,Image/Match/654.png,Image/Pic/654.png,,,
655,マフォクシー,Image/Match/655.png,Image/Pic/655.png,,,
656,ケロマツ,Image/Match/656.png,Image/Pic/656.png,,,
657,ゲコガシラ,Image/Match/657.png,Image/Pic/657.png,,,
658,ゲッコウガ,Image/Match/658.png,Image/Pic/658.png,,,
659,ホルビー,Image/Match/659.png,Image/Pic/659.png,,,
660,ホルード,Image/Match/660.png,Image/Pic/660.png,,,
661,ヤヤコマ,Image/Match/661.png,Image/Pic/661.png,,,
662,ヒノヤコマ,Image/Match/662.png,Image/Pic/662.png,,,
663,ファイアロー,Image/Match/663.png,Image/Pic/663.png,やきつくす,そらをとぶ,ニトロチャージ
664,コフキムシ,Image/Match/664.png,Image/Pic/664.png,,,
665,コフーライ,Image/Match/665.png,Image/Pic/665.png,,,
666,ビビヨン,Image/Match/666.png,Image/Pic/666.png,,,
667,シシコ,Image/Match/667.png,Image/Pic/667.png,,,
668,カエンジシ,Image/Match/668.png,Image/Pic/668.png,,,
669,フラベベ,Image/Match/669.png,Image/Pic/669.png,,,
670,フラエッテ,Image/Match/670.png,Image/Pic/670.png,,,
671,フラージェス,Image/Match/671.png,Image/Pic/671.png,,,
672,メェークル,Image/Match/672.png,Image/Pic/672.png,,,
673,ゴーゴート,Image/Match/673.png,Image/Pic/673.png,,,
674,ヤンチャム,Image/Match/674.png,Image/Pic/674.png,,,
675,ゴロンダ,Image/Match/675.png,Image/Pic/675.png,からてチョップ,,
676,トリミアン,Image/Match/676.png,Image/Pic/676.png,,,
677,ニャスパー,Image/Match/677.png,Image/Pic/677.png,,,
678,ニャオニクス(オス),Image/Match/678.png,Image/Pic/678.png,,,
678-1,ニャオニクス(メスのすがた),Image/Match/678-1.png,Image/Pic/678-1.png,,,
679,ヒトツキ,Image/Match/679.png,Image/Pic/679.png,,,
680,ニダンギル,Image/Match/680.png,Image/Pic/680.png,シャドークロー,,
681,ギルガルド(シールド),Image/Match/681.png,Image/Pic/681.png,,,
681-1,ギルガルド(ブレードフォルム),Image/Match/681-1.png,Image/Pic/681-1.png,,,
682,シュシュプ,Image/Match/682.png,Image/Pic/682.png,,,
683,フレフワン,Image/Match/683.png,Image/Pic/683.png,,,
684,ペロッパフ,Image/Match/684.png,Image/Pic/684.png,,,
685,ペロリーム,Image/Match/685.png,Image/Pic/685.png,,,
686,マーイーカ,Image/Match/686.png,Image/Pic/686.png,,,
687,カラマネロ,Image/Match/687.png,Image/Pic/687.png,サイコウェーブ,,
687-1,メガカラマネロ,Image/Match/687-1.png,Image/Pic/687-1.png,,,
688,カメテテ,Image/Match/688.png,Image/Pic/688.png,,,
689,ガメノデス,Image/Match/689.png,Image/Pic/689.png,どろかけ,,
690,クズモー,Image/Match/690.png,Image/Pic/690.png,,,
691,ドラミドロ,Image/Match/691.png,Image/Pic/691.png,,アクアテール,げきりん
692,ウデッポウ,Image/Match/692.png,Image/Pic/692.png,,,
693,ブロスター,Image/Match/693.png,Image/Pic/693.png,,,
694,エリキテル,Image/Match/694.png,Image/Pic/694.png,,,
695,エレザード,Image/Match/695.png,Image/Pic/695.png,,,
696,チゴラス,Image/Match/696.png,Image/Pic/696.png,,,
697,ガチゴラス,Image/Match/697.png,Image/Pic/697.png,,,
698,アマルス,Image/Match/698.png,Image/Pic/698.png,,,
699,アマルルガ,Image/Match/699.png,Image/Pic/699.png,,,
700,ニンフィア,Image/Match/700.png,Image/Pic/700.png,,,
701,ルチャブル,Image/Match/701.png,Image/Pic/701.png,,,
702,デデンネ,Image/Match/702.png,Image/Pic/702.png,,パラボラチャージ,じゃれつく
703,メレシー,Image/Match/703.png,Image/Pic/703.png,いわおとし,いわなだれ,ムーンフォース
704,ヌメラ,Image/Match/704.png,Image/Pic/704.png,,,
705,ヌメイル,Image/Match/705.png,Image/Pic/705.png,,,
706,ヌメルゴン,Image/Match/706.png,Image/Pic/706.png,,,
707,クレッフィ,Image/Match/707.png,Image/Pic/707.png,,,
708,ボクレー,Image/Match/708.png,Image/Pic/708.png,,,
709,オーロット,Image/Match/709.png,Image/Pic/709.png,シャドークロー,,
710,バケッチャ(ちいさい),Image/Match/710.png,Image/Pic/710.png,,,
710-1,バケッチャ(ふつうのサイズ),Image/Match/710-1.png,Image/Pic/710-1.png,,,
710-2,バケッチャ(おおきいサイズ),Image/Match/710-2.png,Image/Pic/710-2.png,,,
710-3,バケッチャ(とくだいサイズ),Image/Match/710-3.png,Image/Pic/710-3.png,,,
711,パンプジン(ちいさい),Image/Match/711.png,Image/Pic/711.png,やきつくす,,
711-1,パンプジン(ふつうのサイズ),Image/Match/711-1.png,Image/Pic/711-1.png,やきつくす,,
711-2,パンプジン(おおきいサイズ),Image/Match/711-2.png,Image/Pic/711-2.png,やきつくす,,
711-3,パンプジン(とくだいサイズ),Image/Match/711-3.png,Image/Pic/711-3.png,やきつくす,,
712,カチコール,Image/Match/712.png,Image/Pic/712.png,,,
713,クレベース,Image/Match/713.png,Image/Pic/713.png,,,
713-1,クレベース(ヒスイのすがた),Image/Match/713-1.png,Image/Pic/713-1.png,,,
714,オンバット,Image/Match/714.png,Image/Pic/714.png,,,
715,オンバーン,Image/Match/715.png,Image/Pic/715.png,,,
716,ゼルネアス,Image/Match/716.png,Image/Pic/716.png,,,
717,イベルタル,Image/Match/717.png,Image/Pic/717.png,,,
718,ジガルデ,Image/Match/718.png,Image/Pic/718.png,,,
718-1,ジガルデ(１０％フォルム),Image/Match/718-1.png,Image/Pic/718-1.png,,,
718-2,ジガルデ(パーフェクトフォルム),Image/Match/718-2.png,Image/Pic/718-2.png,,,
719,ディアンシー,Image/Match/719.png,Image/Pic/719.png,,,
719-1,メガディアンシー,Image/Match/719-1.png,Image/Pic/719-1.png,,,
720,フーパ,Image/Match/720.png,Image/Pic/720.png,,,
720-1,フーパ(ときはなたれし),Image/Match/720-1.png,Image/Pic/720-1.png,,,
721,ボルケニオン,Image/Match/721.png,Image/Pic/721.png,,,
722,モクロー,Image/Match/722.png,Image/Pic/722.png,,,
723,フクスロー,Image/Match/723.png,Image/Pic/723.png,,,
724,ジュナイパー,Image/Match/724.png,Image/Pic/724.png,,,
724-1,ジュナイパー(ヒスイのすがた),Image/Match/724-1.png,Image/Pic/724-1.png,,,
725,ニャビー,Image/Match/725.png,Image/Pic/725.png,,,
726,ニャヒート,Image/Match/726.png,Image/Pic/726.png,,,
727,ガオガエン,Image/Match/727.png,Image/Pic/727.png,,,
728,アシマリ,Image/Match/728.png,Image/Pic/728.png,,,
729,オシャマリ,Image/Match/729.png,Image/Pic/729.png,あまえる,,
730,アシレーヌ,Image/Match/730.png,Image/Pic/730.png,あまえる,うたかたのアリア,チャームボイス
731,ツツケラ,Image/Match/731.png,Image/Pic/731.png,,,
732,ケララッパ,Image/Match/732.png,Image/Pic/732.png,,,
733,ドデカバシ,Image/Match/733.png,Image/Pic/733.png,,,
734,ヤングース,Image/Match/734.png,Image/Pic/734.png,,,
735,デカグース,Image/Match/735.png,Image/Pic/735.png,,,
736,アゴジムシ,Image/Match/736.png,Image/Pic/736.png,,,
737,デンヂムシ,Image/Match/737.png,Image/Pic/737.png,ボルトチェンジ,シザークロス,ほうでん
738,クワガノン,Image/Match/738.png,Image/Pic/738.png,,,
739,マケンカニ,Image/Match/739.png,Image/Pic/739.png,,,
740,ケケンカニ,Image/Match/740.png,Image/Pic/740.png,,,
741,オドリドリ(めらめら),Image/Match/741.png,Image/Pic/741.png,,,
741-1,オドリドリ(ぱちぱちスタイル),Image/Match/741-1.png,Image/Pic/741-1.png,,,
741-2,オドリドリ(ふらふらスタイル),Image/Match/741-2.png,Image/Pic/741-2.png,,,
741-3,オドリドリ(まいまいスタイル),Image/Match/741-3.png,Image/Pic/741-3.png,,,
742,アブリー,Image/Match/742.png,Image/Pic/742.png,,,
743,アブリボン,Image/Match/743.png,Image/Pic/743.png,,,
744,イワンコ,Image/Match/744.png,Image/Pic/744.png,,,
744-1,イワンコ(たそがれに進化),Image/Match/744-1.png,Image/Pic/744-1.png,,,
745,ルガルガン(まひる),Image/Match/745.png,Image/Pic/745.png,,,
745-1,ルガルガン(まよなかのすがた),Image/Match/745-1.png,Image/Pic/745-1.png,,,
745-2,ルガルガン(たそがれのすがた),Image/Match/745-2.png,Image/Pic/745-2.png,,,
746,ヨワシ(たんどく),Image/Match/746.png,Image/Pic/746.png,,,
746-1,ヨワシ(むれのすがた),Image/Match/746-1.png,Image/Pic/746-1.png,,,
747,ヒドイデ,Image/Match/747.png,Image/Pic/747.png,,,
748,ドヒドイデ,Image/Match/748.png,Image/Pic/748.png,,,
749,ドロバンコ,Image/Match/749.png,Image/Pic/749.png,,,
750,バンバドロ,Image/Match/750.png,Image/Pic/750.png,,,
751,シズクモ,Image/Match/751.png,Image/Pic/751.png,,,
752,オニシズクモ,Image/Match/752.png,Image/Pic/752.png,,,
753,カリキリ,Image/Match/753.png,Image/Pic/753.png,,,
754,ラランテス,Image/Match/754.png,Image/Pic/754.png,,リーフブレード,ばかぢから
755,ネマシュ,Image/Match/755.png,Image/Pic/755.png,,,
756,マシェード,Image/Match/756.png,Image/Pic/756.png,,,
757,ヤトウモリ,Image/Match/757.png,Image/Pic/757.png,,,
758,エンニュート,Image/Match/758.png,Image/Pic/758.png,,,
759,ヌイコグマ,Image/Match/759.png,Image/Pic/759.png,,,
760,キテルグマ,Image/Match/760.png,Image/Pic/760.png,,,
761,アマカジ,Image/Match/761.png,Image/Pic/761.png,,,
762,アママイコ,Image/Match/762.png,Image/Pic/762.png,,,
763,アマージョ,Image/Match/763.png,Image/Pic/763.png,,,
764,キュワワー,Image/Match/764.png,Image/Pic/764.png,,,
765,ヤレユータン,Image/Match/765.png,Image/Pic/765.png,,,
766,ナゲツケサル,Image/Match/766.png,Image/Pic/766.png,,,
767,コソクムシ,Image/Match/767.png,Image/Pic/767.png,,,
768,グソクムシャ,Image/Match/768.png,Image/Pic/768.png,,アクアジェット,シザークロス
769,スナバァ,Image/Match/769.png,Image/Pic/769.png,,,
770,シロデスナ,Image/Match/770.png,Image/Pic/770.png,,,
771,ナマコブシ,Image/Match/771.png,Image/Pic/771.png,,,
772,タイプ：ヌル,Image/Match/772.png,Image/Pic/772.png,,,
773,シルヴァディ,Image/Match/773.png,Image/Pic/773.png,,,
773-1,シルヴァディ(ほのお),Image/Match/773-1.png,Image/Pic/773-1.png,,,
773-2,シルヴァディ(みず),Image/Match/773-2.png,Image/Pic/773-2.png,,,
773-3,シルヴァディ(でんき),Image/Match/773-3.png,Image/Pic/773-3.png,,,
773-4,シルヴァディ(くさ),Image/Match/773-4.png,Image/Pic/773-4.png,,,
774,メテノ(りゅうせい),Image/Match/774.png,Image/Pic/774.png,,,
774-1,メテノ(コア),Image/Match/774-1.png,Image/Pic/774-1.png,,,
775,ネッコアラ,Image/Match/775.png,Image/Pic/775.png,,,
776,バクガメス,Image/Match/776.png,Image/Pic/776.png,やきつくす,,
777,トゲデマル,Image/Match/777.png,Image/Pic/777.png,,,
778,ミミッキュ(ばけたすがた),Image/Match/778.png,Image/Pic/778.png,,,
778-1,ミミッキュ(ばれたすがた),Image/Match/778-1.png,Image/Pic/778-1.png,,,
779,ハギギシリ,Image/Match/779.png,Image/Pic/779.png,,,
780,ジジーロン,Image/Match/780.png,Image/Pic/780.png,,,
781,ダダリン,Image/Match/781.png,Image/Pic/781.png,,,
782,ジャラコ,Image/Match/782.png,Image/Pic/782.png,,,
783,ジャランゴ,Image/Match/783.png,Image/Pic/783.png,,,
784,ジャラランガ,Image/Match/784.png,Image/Pic/784.png,ドラゴンテール,はやてがえし,スケイルノイズ
785,カプ・コケコ,Image/Match/785.png,Image/Pic/785.png,,,
786,カプ・テテフ,Image/Match/786.png,Image/Pic/786.png,,,
787,カプ・ブルル,Image/Match/787.png,Image/Pic/787.png,,,
788,カプ・レヒレ,Image/Match/788.png,Image/Pic/788.png,,,
789,コスモッグ,Image/Match/789.png,Image/Pic/789.png,,,
790,コスモウム,Image/Match/790.png,Image/Pic/790.png,,,
791,ソルガレオ,Image/Match/791.png,Image/Pic/791.png,,,
792,ルナアーラ,Image/Match/792.png,Image/Pic/792.png,,,
793,ウツロイド,Image/Match/793.png,Image/Pic/793.png,,,
794,マッシブーン,Image/Match/794.png,Image/Pic/794.png,,,
795,フェローチェ,Image/Match/795.png,Image/Pic/795.png,,,
796,デンジュモク,Image/Match/796.png,Image/Pic/796.png,,,
797,テッカグヤ,Image/Match/797.png,Image/Pic/797.png,,,
798,カミツルギ,Image/Match/798.png,Image/Pic/798.png,,,
799,アクジキング,Image/Match/799.png,Image/Pic/799.png,ドラゴンテール,ぶんまわす,ヘドロばくだん
800,ネクロズマ,Image/Match/800.png,Image/Pic/800.png,,,
800-1,ネクロズマ(たそがれのたてがみ),Image/Match/800-1.png,Image/Pic/800-1.png,,,
800-2,ネクロズマ(あかつきのつばさ),Image/Match/800-2.png,Image/Pic/800-2.png,,,
800-3,ネクロズマ(ウルトラ),Image/Match/800-3.png,Image/Pic/800-3.png,,,
801,マギアナ,Image/Match/801.png,Image/Pic/801.png,,,
802,マーシャドー,Image/Match/802.png,Image/Pic/802.png,,,
803,ベベノム,Image/Match/803.png,Image/Pic/803.png,,,
804,アーゴヨン,Image/Match/804.png,Image/Pic/804.png,,,
805,ツンデツンデ,Image/Match/805.png,Image/Pic/805.png,,,
806,ズガドーン,Image/Match/806.png,Image/Pic/806.png,,,
807,ゼラオラ,Image/Match/807.png,Image/Pic/807.png,,,
808,メルタン,Image/Match/808.png,Image/Pic/808.png,,,
809,メルメタル,Image/Match/809.png,Image/Pic/809.png,,,
810,サルノリ,Image/Match/810.png,Image/Pic/810.png,,,
811,バチンキー,Image/Match/811.png,Image/Pic/811.png,,,
812,ゴリランダー,Image/Match/812.png,Image/Pic/812.png,,,
812-1,ゴリランダー(キョダイマックス),Image/Match/812-1.png,Image/Pic/812-1.png,,,
813,ヒバニー,Image/Match/813.png,Image/Pic/813.png,,,
814,ラビフット,Image/Match/814.png,Image/Pic/814.png,,,
815,エースバーン,Image/Match/815.png,Image/Pic/815.png,,,
815-1,エースバーン(キョダイマックス),Image/Match/815-1.png,Image/Pic/815-1.png,,,
816,メッソン,Image/Match/816.png,Image/Pic/816.png,,,
817,ジメレオン,Image/Match/817.png,Image/Pic/817.png,,,
818,インテレオン,Image/Match/818.png,Image/Pic/818.png,,,
818-1,インテレオン(キョダイマックス),Image/Match/818-1.png,Image/Pic/818-1.png,,,
819,ホシガリス,Image/Match/819.png,Image/Pic/819.png,,,
820,ヨクバリス,Image/Match/820.png,Image/Pic/820.png,,,
821,ココガラ,Image/Match/821.png,Image/Pic/821.png,,,
822,アオガラス,Image/Match/822.png,Image/Pic/822.png,,,
823,アーマーガア,Image/Match/823.png,Image/Pic/823.png,,,
824,サッチムシ,Image/Match/824.png,Image/Pic/824.png,,,
825,レドームシ,Image/Match/825.png,Image/Pic/825.png,,,
826,イオルブ,Image/Match/826.png,Image/Pic/826.png,,,
827,クスネ,Image/Match/827.png,Image/Pic/827.png,,,
828,フォクスライ,Image/Match/828.png,Image/Pic/828.png,,,
829,ヒメンカ,Image/Match/829.png,Image/Pic/829.png,,,
830,ワタシラガ,Image/Match/830.png,Image/Pic/830.png,,,
831,ウールー,Image/Match/831.png,Image/Pic/831.png,,,
832,バイウールー,Image/Match/832.png,Image/Pic/832.png,にどげり,,
833,カムカメ,Image/Match/833.png,Image/Pic/833.png,,,
834,カジリガメ,Image/Match/834.png,Image/Pic/834.png,,,
835,ワンパチ,Image/Match/835.png,Image/Pic/835.png,,,
836,パルスワン,Image/Match/836.png,Image/Pic/836.png,,,
837,タンドン,Image/Match/837.png,Image/Pic/837.png,,,
838,トロッゴン,Image/Match/838.png,Image/Pic/838.png,,いわなだれ,ニトロチャージ
839,セキタンザン,Image/Match/839.png,Image/Pic/839.png,,いわなだれ,ニトロチャージ
840,カジッチュ,Image/Match/840.png,Image/Pic/840.png,,,
841,アップリュー,Image/Match/841.png,Image/Pic/841.png,,,
842,タルップル,Image/Match/842.png,Image/Pic/842.png,,,
843,スナヘビ,Image/Match/843.png,Image/Pic/843.png,,,
844,サダイジャ,Image/Match/844.png,Image/Pic/844.png,,,
845,ウッウ,Image/Match/845.png,Image/Pic/845.png,,,
846,サシカマス,Image/Match/846.png,Image/Pic/846.png,,,
847,カマスジョー,Image/Match/847.png,Image/Pic/847.png,,,
848,エレズン,Image/Match/848.png,Image/Pic/848.png,,,
849,ストリンダー(ハイ),Image/Match/849.png,Image/Pic/849.png,,,
849-1,ストリンダー(ローなすがた),Image/Match/849-1.png,Image/Pic/849-1.png,,,
849-2,ストリンダー(キョダイマックス),Image/Match/849-2.png,Image/Pic/849-2.png,,,
850,ヤクデ,Image/Match/850.png,Image/Pic/850.png,,,
851,マルヤクデ,Image/Match/851.png,Image/Pic/851.png,,,
852,タタッコ,Image/Match/852.png,Image/Pic/852.png,,,
853,オトスパス,Image/Match/853.png,Image/Pic/853.png,,,
854,ヤバチャ,Image/Match/854.png,Image/Pic/854.png,,,
855,ポットデス,Image/Match/855.png,Image/Pic/855.png,,,
856,ミブリム,Image/Match/856.png,Image/Pic/856.png,,,
857,テブリム,Image/Match/857.png,Image/Pic/857.png,,,
858,ブリムオン,Image/Match/858.png,Image/Pic/858.png,,,
859,ベロバー,Image/Match/859.png,Image/Pic/859.png,,,
860,ギモー,Image/Match/860.png,Image/Pic/860.png,,,
861,オーロンゲ,Image/Match/861.png,Image/Pic/861.png,,,
861-1,オーロンゲ(キョダイマックス),Image/Match/861-1.png,Image/Pic/861-1.png,,,
862,タチフサグマ,Image/Match/862.png,Image/Pic/862.png,カウンター,,
863,ニャイキング,Image/Match/863.png,Image/Pic/863.png,,,
864,サニゴーン,Image/Match/864.png,Image/Pic/864.png,,,
865,ネギガナイト,Image/Match/865.png,Image/Pic/865.png,,,
866,バリコオル,Image/Match/866.png,Image/Pic/866.png,,,
867,デスバーン,Image/Match/867.png,Image/Pic/867.png,,,
868,マホミル,Image/Match/868.png,Image/Pic/868.png,,,
869,マホイップ,Image/Match/869.png,Image/Pic/869.png,,,
870,タイレーツ,Image/Match/870.png,Image/Pic/870.png,,,
871,バチンウニ,Image/Match/871.png,Image/Pic/871.png,,,
872,ユキハミ,Image/Match/872.png,Image/Pic/872.png,,,
873,モスノウ,Image/Match/873.png,Image/Pic/873.png,,,
874,イシヘンジン,Image/Match/874.png,Image/Pic/874.png,,,
875,コオリッポ(アイス),Image/Match/875.png,Image/Pic/875.png,,,
875-1,コオリッポ(ナイスフェイス),Image/Match/875-1.png,Image/Pic/875-1.png,,,
876,イエッサン(オス),Image/Match/876.png,Image/Pic/876.png,,,
876-1,イエッサン(メスのすがた),Image/Match/876-1.png,Image/Pic/876-1.png,,,
877,モルペコ(まんぷく),Image/Match/877.png,Image/Pic/877.png,,,
877-1,モルペコ(はらぺこ),Image/Match/877-1.png,Image/Pic/877-1.png,,,
878,ゾウドウ,Image/Match/878.png,Image/Pic/878.png,,,
879,ダイオウドウ,Image/Match/879.png,Image/Pic/879.png,,,
880,パッチラゴン,Image/Match/880.png,Image/Pic/880.png,,,
881,パッチルドン,Image/Match/881.png,Image/Pic/881.png,,,
882,ウオノラゴン,Image/Match/882.png,Image/Pic/882.png,,,
883,ウオチルドン,Image/Match/883.png,Image/Pic/883.png,,,
884,ジュラルドン,Image/Match/884.png,Image/Pic/884.png,,,
885,ドラメシヤ,Image/Match/885.png,Image/Pic/885.png,,,
886,ドロンチ,Image/Match/886.png,Image/Pic/886.png,,,
887,ドラパルト,Image/Match/887.png,Image/Pic/887.png,,,
888,ザシアン(れきせんのゆうしゃ),Image/Match/888.png,Image/Pic/888.png,,,
888-1,ザシアン(けんのおう),Image/Match/888-1.png,Image/Pic/888-1.png,,,
889,ザマゼンタ(れきせんのゆうしゃ),Image/Match/889.png,Image/Pic/889.png,,,
889-1,ザマゼンタ(たてのおう),Image/Match/889-1.png,Image/Pic/889-1.png,,,
890,ムゲンダイナ,Image/Match/890.png,Image/Pic/890.png,,,
890-1,ムゲンダイナ(ムゲンダイマックス),Image/Match/890-1.png,Image/Pic/890-1.png,,,
891,ダクマ,Image/Match/891.png,Image/Pic/891.png,,,
892,ウーラオス(いちげき),Image/Match/892.png,Image/Pic/892.png,,,
892-1,ウーラオス(れんげきのかた),Image/Match/892-1.png,Image/Pic/892-1.png,,,
892-2,ウーラオス(いちげきのかた・キョダイマックス),Image/Match/892-2.png,Image/Pic/892-2.png,,,
892-3,ウーラオス(れんげきのかた・キョダイマックス),Image/Match/892-3.png,Image/Pic/892-3.png,,,
893,ザルード,Image/Match/893.png,Image/Pic/893.png,,,
894,レジエレキ,Image/Match/894.png,Image/Pic/894.png,,,
895,レジドラゴ,Image/Match/895.png,Image/Pic/895.png,,,
896,ブリザポス,Image/Match/896.png,Image/Pic/896.png,,,
897,レイスポス,Image/Match/897.png,Image/Pic/897.png,,,
898,バドレックス,Image/Match/898.png,Image/Pic/898.png,,,
898-1,バドレックス(はくばじょうのすがた),Image/Match/898-1.png,Image/Pic/898-1.png,,,
898-2,バドレックス(こくばじょうのすがた),Image/Match/898-2.png,Image/Pic/898-2.png,,,
899,アヤシシ,Image/Match/899.png,Image/Pic/899.png,,,
900,バサギリ,Image/Match/900.png,Image/Pic/900.png,,,
901,ガチグマ,Image/Match/901.png,Image/Pic/901.png,,,
902,イダイトウ(オス),Image/Match/902.png,Image/Pic/902.png,,,
902-1,イダイトウ(メスのすがた),Image/Match/902-1.png,Image/Pic/902-1.png,,,
903,オオニューラ,Image/Match/903.png,Image/Pic/903.png,,,
904,ハリーマン,Image/Match/904.png,Image/Pic/904.png,,,
905,ラブトロス,Image/Match/905.png,Image/Pic/905.png,,,
905-1,れいじゅうラブトロス,Image/Match/905-1.png,Image/Pic/905-1.png,,,
906,ニャオハ,Image/Match/906.png,Image/Pic/906.png,,,
907,ニャローテ,Image/Match/907.png,Image/Pic/907.png,,,
908,マスカーニャ,Image/Match/908.png,Image/Pic/908.png,,つじぎり,ハードプラント
909,ホゲータ,Image/Match/909.png,Image/Pic/909.png,,,
910,アチゲータ,Image/Match/910.png,Image/Pic/910.png,,,
911,ラウドボーン,Image/Match/911.png,Image/Pic/911.png,やきつくす,,
912,クワッス,Image/Match/912.png,Image/Pic/912.png,,,
913,ウェルカモ,Image/Match/913.png,Image/Pic/913.png,,,
914,ウェーニバル,Image/Match/914.png,Image/Pic/914.png,,,
915,グルトン,Image/Match/915.png,Image/Pic/915.png,,,
916,パフュートン(オス),Image/Match/916.png,Image/Pic/916.png,,,
916-1,パフュートン(メス),Image/Match/916-1.png,Image/Pic/916-1.png,,,
917,タマンチュラ,Image/Match/917.png,Image/Pic/917.png,,,
918,ワナイダー,Image/Match/918.png,Image/Pic/918.png,,とびかかる,がんせきふうじ
919,マメバッタ,Image/Match/919.png,Image/Pic/919.png,,,
920,エクスレッグ,Image/Match/920.png,Image/Pic/920.png,,,
921,パモ,Image/Match/921.png,Image/Pic/921.png,,,
922,パモット,Image/Match/922.png,Image/Pic/922.png,,,
923,パーモット,Image/Match/923.png,Image/Pic/923.png,,,
924,ワッカネズミ,Image/Match/924.png,Image/Pic/924.png,,,
925,イッカネズミ,Image/Match/925.png,Image/Pic/925.png,,,
926,パピモッチ,Image/Match/926.png,Image/Pic/926.png,,,
927,バウッツェル,Image/Match/927.png,Image/Pic/927.png,あまえる,,
928,ミニーブ,Image/Match/928.png,Image/Pic/928.png,,,
929,オリーニョ,Image/Match/929.png,Image/Pic/929.png,,,
930,オリーヴァ,Image/Match/930.png,Image/Pic/930.png,,,
931,イキリンコ,Image/Match/931.png,Image/Pic/931.png,,,
932,コジオ,Image/Match/932.png,Image/Pic/932.png,,,
933,ジオヅム,Image/Match/933.png,Image/Pic/933.png,,,
934,キョジオーン,Image/Match/934.png,Image/Pic/934.png,,,
935,カルボウ,Image/Match/935.png,Image/Pic/935.png,,,
936,グレンアルマ,Image/Match/936.png,Image/Pic/936.png,,,
937,ソウブレイズ,Image/Match/937.png,Image/Pic/937.png,,,
938,ズピカ,Image/Match/938.png,Image/Pic/938.png,,,
939,ハラバリー,Image/Match/939.png,Image/Pic/939.png,,パラボラチャージ,でんじほう
940,カイデン,Image/Match/940.png,Image/Pic/940.png,,,
941,タイカイデン,Image/Match/941.png,Image/Pic/941.png,,,
942,オラチフ,Image/Match/942.png,Image/Pic/942.png,,,
943,マフィティフ,Image/Match/943.png,Image/Pic/943.png,,,
944,シルシュルー,Image/Match/944.png,Image/Pic/944.png,,,
945,タギングル,Image/Match/945.png,Image/Pic/945.png,,,
946,アノクサ,Image/Match/946.png,Image/Pic/946.png,,,
947,アノホラグサ,Image/Match/947.png,Image/Pic/947.png,,,
948,ノノクラゲ,Image/Match/948.png,Image/Pic/948.png,,,
949,リククラゲ,Image/Match/949.png,Image/Pic/949.png,,まきつく,タネばくだん
950,ガケガニ,Image/Match/950.png,Image/Pic/950.png,,,
951,カプサイジ,Image/Match/951.png,Image/Pic/951.png,,,
952,スコヴィラン,Image/Match/952.png,Image/Pic/952.png,,,
953,シガロコ,Image/Match/953.png,Image/Pic/953.png,,,
954,ベラカス,Image/Match/954.png,Image/Pic/954.png,,,
955,ヒラヒナ,Image/Match/955.png,Image/Pic/955.png,,,
956,クエスパトラ,Image/Match/956.png,Image/Pic/956.png,,,
957,カヌチャン,Image/Match/957.png,Image/Pic/957.png,,,
958,ナカヌチャン,Image/Match/958.png,Image/Pic/958.png,,,
959,デカヌチャン,Image/Match/959.png,Image/Pic/959.png,,,
960,ウミディグダ,Image/Match/960.png,Image/Pic/960.png,,,
961,ウミトリオ,Image/Match/961.png,Image/Pic/961.png,,,
962,オトシドリ,Image/Match/962.png,Image/Pic/962.png,,,
963,ナミイルカ,Image/Match/963.png,Image/Pic/963.png,,,
964,イルカマン(ナイーブ),Image/Match/964.png,Image/Pic/964.png,,,
964-1,イルカマン(マイティフォルム),Image/Match/964-1.png,Image/Pic/964-1.png,,,
965,ブロロン,Image/Match/965.png,Image/Pic/965.png,,,
966,ブロロローム,Image/Match/966.png,Image/Pic/966.png,,,
967,モトトカゲ,Image/Match/967.png,Image/Pic/967.png,,,
968,ミミズズ,Image/Match/968.png,Image/Pic/968.png,,,
969,キラーメ,Image/Match/969.png,Image/Pic/969.png,,,
970,キラフロル,Image/Match/970.png,Image/Pic/970.png,,,
971,ボチ,Image/Match/971.png,Image/Pic/971.png,,,
972,ハカドッグ,Image/Match/972.png,Image/Pic/972.png,,,
973,カラミンゴ,Image/Match/973.png,Image/Pic/973.png,,,
974,アルクジラ,Image/Match/974.png,Image/Pic/974.png,,,
975,ハルクジラ,Image/Match/975.png,Image/Pic/975.png,,,
976,ミガルーサ,Image/Match/976.png,Image/Pic/976.png,,,
977,ヘイラッシャ,Image/Match/977.png,Image/Pic/977.png,,なみのり,げきりん
978,シャリタツ(そったすがた),Image/Match/978.png,Image/Pic/978.png,,,
978-1,シャリタツ(たれたすがた),Image/Match/978-1.png,Image/Pic/978-1.png,,,
978-2,シャリタツ(のびたすがた),Image/Match/978-2.png,Image/Pic/978-2.png,,,
979,コノヨザル,Image/Match/979.png,Image/Pic/979.png,,ふんどのこぶし,インファイト
980,ドオー,Image/Match/980.png,Image/Pic/980.png,,ヘドロばくだん,じしん
981,リキキリン,Image/Match/981.png,Image/Pic/981.png,,,
982,ノココッチ,Image/Match/982.png,Image/Pic/982.png,,のしかかり,ドリルライナー
983,ドドゲザン,Image/Match/983.png,Image/Pic/983.png,,,
984,イダイナキバ,Image/Match/984.png,Image/Pic/984.png,,,
985,サケブシッポ,Image/Match/985.png,Image/Pic/985.png,,,
986,アラブルタケ,Image/Match/986.png,Image/Pic/986.png,,,
987,ハバタクカミ,Image/Match/987.png,Image/Pic/987.png,,,
988,チヲハウハネ,Image/Match/988.png,Image/Pic/988.png,,,
989,スナノケガワ,Image/Match/989.png,Image/Pic/989.png,,,
990,テツノワダチ,Image/Match/990.png,Image/Pic/990.png,,,
991,テツノツツミ,Image/Match/991.png,Image/Pic/991.png,,,
992,テツノカイナ,Image/Match/992.png,Image/Pic/992.png,,,
993,テツノコウベ,Image/Match/993.png,Image/Pic/993.png,,,
994,テツノドクガ,Image/Match/994.png,Image/Pic/994.png,,,
995,テツノイバラ,Image/Match/995.png,Image/Pic/995.png,,,
996,セビエ,Image/Match/996.png,Image/Pic/996.png,,,
997,セゴール,Image/Match/997.png,Image/Pic/997.png,,,
998,セグレイブ,Image/Match/998.png,Image/Pic/998.png,,,
999,コレクレー(とほ),Image/Match/999.png,Image/Pic/999.png,,,
1000,サーフゴー,Image/Match/1000.png,Image/Pic/1000.png,,,
1001,チオンジェン,Image/Match/1001.png,Image/Pic/1001.png,,,
1002,パオジアン,Image/Match/1002.png,Image/Pic/1002.png,,,
1003,ディンルー,Image/Match/1003.png,Image/Pic/1003.png,,,
1004,イーユイ,Image/Match/1004.png,Image/Pic/1004.png,,,
1005,トドロクツキ,Image/Match/1005.png,Image/Pic/1005.png,,,
1006,テツノブジン,Image/Match/1006.png,Image/Pic/1006.png,,,
1007,コライドン,Image/Match/1007.png,Image/Pic/1007.png,,,
1008,ミライドン,Image/Match/1008.png,Image/Pic/1008.png,,,
1009,ウネルミナモ,Image/Match/1009.png,Image/Pic/1009.png,,,
1010,テツノイサハ,Image/Match/1010.png,Image/Pic/1010.png,,,
1011,カミッチュ,Image/Match/1011.png,Image/Pic/1011.png,,,
1012,チャデス,Image/Match/1012.png,Image/Pic/1012.png,,,
1013,ヤバソチャ,Image/Match/1013.png,Image/Pic/1013.png,,,
1014,イイネイヌ,Image/Match/1014.png,Image/Pic/1014.png,,,
1015,マシマシラ,Image/Match/1015.png,Image/Pic/1015.png,,,
1016,キチキギス,Image/Match/1016.png,Image/Pic/1016.png,,,
1017,オーガポン(みどりのめん),Image/Match/1017.png,Image/Pic/1017.png,,,
1017-1,オーガポン(いどのめん),Image/Match/1017-1.png,Image/Pic/1017-1.png,,,
1017-2,オーガポン(かまどのめん),Image/Match/1017-2.png,Image/Pic/1017-2.png,,,
1017-3,オーガポン(いしずえのめん),Image/Match/1017-3.png,Image/Pic/1017-3.png,,,
1018,ブリジュラス,Image/Match/1018.png,Image/Pic/1018.png,,,
1019,カミツオロチ,Image/Match/1019.png,Image/Pic/1019.png,,,
1020,ウガツホムラ,Image/Match/1020.png,Image/Pic/1020.png,,,
1021,タケルライコ,Image/Match/1021.png,Image/Pic/1021.png,,,
1022,テツノイワオ,Image/Match/1022.png,Image/Pic/1022.png,,,
1023,テツノカシラ,Image/Match/1023.png,Image/Pic/1023.png,,,
1024,テラパゴス(ノーマル),Image/Match/1024.png,Image/Pic/1024.png,,,
1024-1,テラパゴス(テラスタルフォルム),Image/Match/1024-1.png,Image/Pic/1024-1.png,,,
1024-2,テラパゴス(ステラフォルム),Image/Match/1024-2.png,Image/Pic/1024-2.png,,,
1025,モモワロウ,Image/Match/1025.png,Image/Pic/1025.png,,,
