0,1,フシギダネ,たいあたり,つるのムチ
1,1,フシギダネ,やつあたり,おんがえし,タネばくだん,ヘドロばくだん,パワーウィップ
0,2,フシギソウ,つるのムチ,はっぱカッター
1,2,フシギソウ,やつあたり,おんがえし,ヘドロばくだん,パワーウィップ,ソーラービーム
0,3,フシギバナ,つるのムチ,はっぱカッター
1,3,フシギバナ,やつあたり,おんがえし,ヘドロこうげき,ヘドロばくだん,はなふぶき,ソーラービーム,ハードプラント
0,3-1,メガフシギバナ,つるのムチ,はっぱカッター
1,3-1,メガフシギバナ,おんがえし,ヘドロこうげき,ヘドロばくだん,はなふぶき,ソーラービーム,ハードプラント
0,3-2,フシギバナ(キョダイマックス),つるのムチ,はっぱカッター
1,3-2,フシギバナ(キョダイマックス),ヘドロこうげき,ヘドロばくだん,はなふぶき,ソーラービーム,ハードプラント
0,4,ヒトカゲ,ひっかく,ひのこ
1,4,ヒトカゲ,やつあたり,おんがえし,ニトロチャージ,かえんほうしゃ,はじけるほのお
0,5,リザード,ひのこ,ほのおのキバ,ひっかく
1,5,リザード,やつあたり,おんがえし,ほのおのパンチ,かえんほうしゃ,はじけるほのお
0,6,リザードン,エアスラッシュ,ほのおのうず,りゅうのいぶき,ひのこ,つばさでうつ
1,6,リザードン,やつあたり,おんがえし,ドラゴンクロー,エアカッター,だいもんじ,オーバーヒート,かえんほうしゃ,ブラストバーン
0,6-1,メガリザードンX,エアスラッシュ,ほのおのうず,りゅうのいぶき,つばさでうつ,ひのこ
1,6-1,メガリザードンX,おんがえし,ドラゴンクロー,だいもんじ,オーバーヒート,エアカッター,かえんほうしゃ,ブラストバーン
0,6-2,メガリザードンY,エアスラッシュ,ほのおのうず,りゅうのいぶき,つばさでうつ,ひのこ
1,6-2,メガリザードンY,おんがえし,ドラゴンクロー,だいもんじ,オーバーヒート,エアカッター,かえんほうしゃ,ブラストバーン
0,6-3,リザードン(キョダイマックス),エアスラッシュ,ほのおのうず,りゅうのいぶき,ひのこ,つばさでうつ
1,6-3,リザードン(キョダイマックス),ドラゴンクロー,だいもんじ,オーバーヒート,エアカッター,かえんほうしゃ,ブラストバーン
0,7,ゼニガメ,たいあたり,あわ
1,7,ゼニガメ,やつあたり,おんがえし,アクアジェット,アクアテール,みずのはどう
0,8,カメール,みずでっぽう,かみつく
1,8,カメール,やつあたり,おんがえし,アクアジェット,れいとうビーム,ハイドロポンプ
0,9,カメックス,みずでっぽう,かみつく,ころがる
1,9,カメックス,やつあたり,おんがえし,れいとうビーム,ラスターカノン,ロケットずつき,ハイドロポンプ,ハイドロカノン
0,9-1,メガカメックス,みずでっぽう,かみつく,ころがる
1,9-1,メガカメックス,おんがえし,れいとうビーム,ラスターカノン,ロケットずつき,ハイドロポンプ,ハイドロカノン
0,9-2,カメックス(キョダイマックス),みずでっぽう,かみつく,ころがる
1,9-2,カメックス(キョダイマックス),れいとうビーム,ラスターカノン,ロケットずつき,ハイドロポンプ,ハイドロカノン
0,10,キャタピー,たいあたり,むしくい
1,10,キャタピー,やつあたり,おんがえし,わるあがき
0,11,トランセル,たいあたり,むしくい
1,11,トランセル,やつあたり,おんがえし,わるあがき
0,12,バタフリー,むしのていこう,ねんりき,むしくい
1,12,バタフリー,やつあたり,おんがえし,シグナルビーム,むしのさざめき,サイコキネシス
0,12-1,バタフリー(キョダイマックス),むしのていこう,ねんりき,むしくい
1,12-1,バタフリー(キョダイマックス),シグナルビーム,むしのさざめき,サイコキネシス
0,13,ビードル,どくばり,むしくい
1,13,ビードル,やつあたり,おんがえし,わるあがき
0,14,コクーン,どくばり,むしくい
1,14,コクーン,やつあたり,おんがえし,わるあがき
0,15,スピアー,どくばり,まとわりつく,どくづき,むしくい
1,15,スピアー,やつあたり,おんがえし,とどめばり,シザークロス,つばめがえし,ヘドロばくだん,ドリルライナー
0,15-1,メガスピアー,まとわりつく,どくづき,むしくい
1,15-1,メガスピアー,おんがえし,シザークロス,とどめばり,つばめがえし,ヘドロばくだん,ドリルライナー
0,16,ポッポ,たいあたり,でんこうせっか
1,16,ポッポ,やつあたり,おんがえし,たつまき,つばめがえし,エアカッター
0,17,ピジョン,つばさでうつ,はがねのつばさ
1,17,ピジョン,やつあたり,おんがえし,たつまき,つばめがえし,エアカッター
0,18,ピジョット,エアスラッシュ,はがねのつばさ,つばさでうつ,かぜおこし
1,18,ピジョット,やつあたり,おんがえし,つばめがえし,フェザーダンス,ねっぷう,ぼうふう,ブレイブバード,エアカッター,たつまき
0,18-1,メガピジョット,エアスラッシュ,はがねのつばさ,つばさでうつ,かぜおこし
1,18-1,メガピジョット,おんがえし,つばめがえし,フェザーダンス,ねっぷう,ぼうふう,ブレイブバード,エアカッター,たつまき
0,19,コラッタ,たいあたり,でんこうせっか
1,19,コラッタ,やつあたり,おんがえし,のしかかり,ひっさつまえば,あなをほる
0,19-1,コラッタ(アローラのすがた),たいあたり,でんこうせっか
1,19-1,コラッタ(アローラのすがた),やつあたり,おんがえし,かみくだく,ひっさつまえば,シャドーボール
0,20,ラッタ,かみつく,でんこうせっか
1,20,ラッタ,やつあたり,おんがえし,ひっさつまえば,あなをほる,はかいこうせん
0,20-1,ラッタ(アローラのすがた),かみつく,でんこうせっか
1,20-1,ラッタ(アローラのすがた),やつあたり,おんがえし,かみくだく,ひっさつまえば,はかいこうせん
0,21,オニスズメ,つつく,でんこうせっか
1,21,オニスズメ,つばめがえし,ドリルくちばし,ゴッドバード,たつまき
0,22,オニドリル,つつく,はがねのつばさ
1,22,オニドリル,つばめがえし,ドリルくちばし,ゴッドバード,ドリルライナー,そらをとぶ,たつまき
0,23,アーボ,どくばり,ようかいえき
1,23,アーボ,やつあたり,おんがえし,どくどくのキバ,まきつく,ヘドロばくだん,ダストシュート
0,24,アーボック,どくばり,かみつく,ようかいえき,ドラゴンテール
1,24,アーボック,やつあたり,アシッドボム,おんがえし,あくのはどう,ヘドロウェーブ,ダストシュート
0,25,ピカチュウ,でんきショック,でんこうせっか,プレゼント
1,25,ピカチュウ,ほうでん,１０まんボルト,ワイルドボルト,なみのり,くさむすび,かみなり
0,25-1,マスクド・ピカチュウ,でんきショック,あまえる
1,25-1,マスクド・ピカチュウ,かみなりパンチ,じゃれつく,フライングプレス
0,25-2,ピカチュウ(そらをとぶ),でんきショック,でんこうせっか
1,25-2,ピカチュウ(そらをとぶ),ほうでん,１０まんボルト,ワイルドボルト,そらをとぶ
0,25-3,ピカチュウ(かりゆし),でんきショック,でんこうせっか
1,25-3,ピカチュウ(かりゆし),ほうでん,１０まんボルト,ワイルドボルト
0,25-4,ピカチュウ(アイドル),でんきショック,あまえる
1,25-4,ピカチュウ(アイドル),かみなりパンチ,じゃれつく,ドレインキッス
0,25-5,ピカチュウ(ハードロック),でんきショック,あまえる
1,25-5,ピカチュウ(ハードロック),かみなりパンチ,じゃれつく,コメットパンチ
0,25-6,ピカチュウ(そらをとぶ5周年),でんきショック,プレゼント,でんこうせっか
1,25-6,ピカチュウ(そらをとぶ5周年),ほうでん,１０まんボルト,ワイルドボルト,そらをとぶ
0,25-7,ピカチュウ(ドクター),でんきショック,あまえる,プレゼント
1,25-7,ピカチュウ(ドクター),かみなりパンチ,じゃれつく
0,25-8,ピカチュウ(キャプテン帽子),でんきショック,でんこうせっか,プレゼント
1,25-8,ピカチュウ(キャプテン帽子),ほうでん,１０まんボルト,ワイルドボルト,ボルテッカー,なみのり,くさむすび,かみなり
0,26,ライチュウ,でんきショック,スパーク,ボルトチェンジ,あまえる
1,26,ライチュウ,かわらわり,かみなりパンチ,なみのり,くさわけ,ワイルドボルト,ロケットずつき,かみなり
0,26-1,ライチュウ(アローラのすがた),スパーク,でんきショック,ボルトチェンジ
1,26-1,ライチュウ(アローラのすがた),かみなりパンチ,サイコショック,なみのり,くさわけ,ワイルドボルト,くさむすび,サイコキネシス
0,27,サンド,すなかけ,マッドショット,ひっかく
1,27,サンド,やつあたり,おんがえし,すなじごく,いわなだれ,あなをほる,がんせきふうじ
0,27-1,サンド(アローラのすがた),こなゆき,メタルクロー
1,27-1,サンド(アローラのすがた),やつあたり,おんがえし,つじぎり,ジャイロボール,ふぶき
0,28,サンドパン,すなかけ,マッドショット,メタルクロー
1,28,サンドパン,やつあたり,おんがえし,がんせきふうじ,じならし,ねっさのだいち,じしん,つじぎり
0,28-1,サンドパン(アローラのすがた),メタルクロー,こなゆき,シャドークロー
1,28-1,サンドパン(アローラのすがた),やつあたり,おんがえし,れいとうパンチ,つばめがえし,じならし,ジャイロボール,ドリルライナー,ふぶき
0,29,ニドラン♀,どくばり,かみつく
1,29,ニドラン♀,やつあたり,おんがえし,どくどくのキバ,のしかかり,ヘドロばくだん
0,30,ニドリーナ,どくばり,かみつく
1,30,ニドリーナ,やつあたり,おんがえし,どくどくのキバ,１０まんボルト,ヘドロばくだん,あなをほる
0,31,ニドクイン,どくばり,かみつく,どくづき,どろかけ
1,31,ニドクイン,やつあたり,おんがえし,どくどくのキバ,だいちのちから,ヘドロウェーブ,ストーンエッジ,じしん
0,32,ニドラン♂,どくばり,つつく
1,32,ニドラン♂,やつあたり,おんがえし,つのでつく,のしかかり,ヘドロばくだん
0,33,ニドリーノ,どくばり,どくづき
1,33,ニドリーノ,やつあたり,おんがえし,つのでつく,ヘドロばくだん,れいとうビーム,あなをほる
0,34,ニドキング,どくばり,にどげり,どくづき,アイアンテール,れんぞくぎり
1,34,ニドキング,やつあたり,おんがえし,すなじごく,だいちのちから,メガホーン,ヘドロウェーブ,じしん
0,35,ピッピ,はたく,しねんのずつき
1,35,ピッピ,のしかかり,チャームボイス,スピードスター,ムーンフォース
0,36,ピクシー,チャージビーム,ようせいのかぜ,しねんのずつき,あまえる,はたく
1,36,ピクシー,ドレインキッス,スピードスター,サイコキネシス,マジカルシャイン,コメットパンチ,ムーンフォース
0,37,ロコン,でんこうせっか,ひのこ
1,37,ロコン,やつあたり,おんがえし,のしかかり,ウェザーボール(ほのお),ニトロチャージ,かえんほうしゃ
0,37-1,ロコン(アローラのすがた),こなゆき,しねんのずつき
1,37-1,ロコン(アローラのすがた),やつあたり,おんがえし,ウェザーボール(こおり),あくのはどう,れいとうビーム,ふぶき
0,38,キュウコン,だましうち,ほのおのうず,ひのこ
1,38,キュウコン,やつあたり,おんがえし,ウェザーボール(ほのお),サイコショック,ねっさのだいち,ねっぷう,オーバーヒート,ソーラービーム,かえんほうしゃ,エナジーボール,だいもんじ
0,38-1,キュウコン(アローラのすがた),こなゆき,だましうち,あまえる
1,38-1,キュウコン(アローラのすがた),やつあたり,おんがえし,ウェザーボール(こおり),サイコショック,れいとうビーム,マジカルシャイン,ふぶき,ひやみず
0,39,プリン,はたく,だましうち
1,39,プリン,チャームボイス,スピードスター,ジャイロボール,マジカルシャイン,のしかかり,じゃれつく
0,40,プクリン,はたく,だましうち,あまえる
1,40,プクリン,こごえるかぜ,チャームボイス,スピードスター,じゃれつく,れいとうビーム,マジカルシャイン,はかいこうせん
0,41,ズバット,かみつく,でんこうせっか
1,41,ズバット,やつあたり,おんがえし,どくどくのキバ,エアカッター,スピードスター,ヘドロばくだん
0,42,ゴルバット,かみつく,つばさでうつ
1,42,ゴルバット,やつあたり,おんがえし,どくどくのキバ,エアカッター,シャドーボール,あやしいかぜ
0,43,ナゾノクサ,ようかいえき,はっぱカッター
1,43,ナゾノクサ,やつあたり,おんがえし,タネばくだん,ヘドロばくだん,ムーンフォース
0,44,クサイハナ,ようかいえき,はっぱカッター
1,44,クサイハナ,やつあたり,おんがえし,ヘドロばくだん,はなふぶき,ムーンフォース
0,45,ラフレシア,ようかいえき,はっぱカッター
1,45,ラフレシア,やつあたり,おんがえし,ヘドロばくだん,はなふぶき,ムーンフォース,ソーラービーム
0,46,パラス,むしくい,ひっかく
1,46,パラス,クロスポイズン,シザークロス,タネばくだん
0,47,パラセクト,れんぞくぎり,むしのていこう,むしくい
1,47,パラセクト,クロスポイズン,シザークロス,ソーラービーム
0,48,コンパン,むしくい,ねんりき
1,48,コンパン,やつあたり,おんがえし,どくどくのキバ,サイケこうせん,シグナルビーム
0,49,モルフォン,サイコウェーブ,まとわりつく,ねんりき,むしくい
1,49,モルフォン,やつあたり,おんがえし,どくどくのキバ,ぎんいろのかぜ,むしのさざめき,サイコキネシス
0,50,ディグダ,マッドショット,ひっかく,どろかけ
1,50,ディグダ,やつあたり,おんがえし,どろばくだん,がんせきふうじ,あなをほる
0,50-1,ディグダ(アローラのすがた),すなかけ,メタルクロー,どろかけ
1,50-1,ディグダ(アローラのすがた),やつあたり,おんがえし,どろばくだん,がんせきふうじ,あなをほる
0,51,ダグトリオ,マッドショット,ふいうち,どろかけ
1,51,ダグトリオ,やつあたり,おんがえし,どろばくだん,ストーンエッジ,じしん
0,51-1,ダグトリオ(アローラのすがた),すなかけ,メタルクロー,どろかけ
1,51-1,ダグトリオ(アローラのすがた),やつあたり,おんがえし,どろばくだん,アイアンヘッド,じしん
0,52,ニャース,かみつく,ひっかく
1,52,ニャース,やつあたり,おんがえし,つじぎり,イカサマ,あくのはどう,のしかかり
0,52-1,ニャース(アローラのすがた),ひっかく,かみつく
1,52-1,ニャース(アローラのすがた),つじぎり,くさわけ,イカサマ,あくのはどう
0,52-2,ニャース(ガラルのすがた),きんぞくおん,ひっかく,メタルクロー
1,52-2,ニャース(ガラルのすがた),つじぎり,くさわけ,ジャイロボール,あなをほる
0,53,ペルシアン,ひっかく,だましうち
1,53,ペルシアン,やつあたり,おんがえし,イカサマ,パワージェム,じゃれつく,しっぺがえし,つじぎり
0,53-1,ペルシアン(アローラのすがた),ひっかく,だましうち
1,53-1,ペルシアン(アローラのすがた),くさわけ,イカサマ,あくのはどう,じゃれつく,しっぺがえし
0,54,コダック,みずでっぽう,しねんのずつき
1,54,コダック,やつあたり,おんがえし,アクアテール,クロスチョップ,サイケこうせん
0,55,ゴルダック,みずでっぽう,ねんりき
1,55,ゴルダック,やつあたり,おんがえし,バブルこうせん,アクアブレイク,クロスチョップ,シンクロノイズ,れいとうビーム,サイコキネシス,ハイドロポンプ
0,56,マンキー,ひっかく,からてチョップ
1,56,マンキー,やつあたり,おんがえし,ローキック,かわらわり,クロスチョップ
0,57,オコリザル,けたぐり,カウンター,からてチョップ
1,57,オコリザル,やつあたり,おんがえし,ローキック,つじぎり,れいとうパンチ,インファイト,クロスチョップ,ふんどのこぶし
0,58,ガーディ,かみつく,ひのこ
1,58,ガーディ,やつあたり,おんがえし,のしかかり,かえんぐるま,かえんほうしゃ
0,58-1,ガーディ(ヒスイのすがた),かみつく,ひのこ
1,58-1,ガーディ(ヒスイのすがた),かみくだく,かえんほうしゃ,いわなだれ
0,59,ウインディ,かみなりのキバ,バークアウト,ほのおのキバ,かみつく
1,59,ウインディ,やつあたり,サイコファング,おんがえし,かみくだく,かえんほうしゃ,ねっさのだいち,ワイルドボルト,だいもんじ,じならし
0,59-1,ウインディ(ヒスイのすがた),バークアウト,ほのおのキバ,いわくだき
1,59-1,ウインディ(ヒスイのすがた),かみくだく,かえんほうしゃ,いわなだれ,ワイルドボルト
0,60,ニョロモ,マッドショット,あわ
1,60,ニョロモ,やつあたり,おんがえし,バブルこうせん,のしかかり,どろばくだん
0,61,ニョロゾ,マッドショット,あわ
1,61,ニョロゾ,やつあたり,おんがえし,バブルこうせん,どろばくだん,みずのはどう,ねっとう
0,62,ニョロボン,マッドショット,あわ,いわくだき,カウンター
1,62,ニョロボン,やつあたり,おんがえし,グロウパンチ,れいとうパンチ,こごえるかぜ,ねっとう,ばくれつパンチ,ハイドロポンプ,じごくぐるま
0,63,ケーシィ,チャージビーム,しねんのずつき
1,63,ケーシィ,やつあたり,おんがえし,サイコショック,シグナルビーム,シャドーボール
0,64,ユンゲラー,サイコカッター,ねんりき
1,64,ユンゲラー,やつあたり,おんがえし,サイケこうせん,シャドーボール,マジカルシャイン
0,65,フーディン,サイコカッター,ねんりき,カウンター
1,65,フーディン,やつあたり,おんがえし,ほのおのパンチ,シャドーボール,みらいよち,きあいだま,サイコキネシス,マジカルシャイン
0,65-1,メガフーディン,サイコカッター,ねんりき,カウンター
1,65-1,メガフーディン,おんがえし,ほのおのパンチ,シャドーボール,みらいよち,きあいだま,サイコキネシス,マジカルシャイン
0,66,ワンリキー,からてチョップ,いわくだき,けたぐり
1,66,ワンリキー,やつあたり,おんがえし,かわらわり,ローキック,クロスチョップ
0,67,ゴーリキー,けたぐり,からてチョップ
1,67,ゴーリキー,やつあたり,おんがえし,かわらわり,じごくぐるま,ばくれつパンチ,クロスチョップ
0,68,カイリキー,バレットパンチ,カウンター,からてチョップ
1,68,カイリキー,やつあたり,おんがえし,クロスチョップ,ヘビーボンバー,いわなだれ,ばくれつパンチ,インファイト,じごくぐるま,しっぺがえし,ストーンエッジ
0,68-1,カイリキー(キョダイマックス),バレットパンチ,カウンター,からてチョップ
1,68-1,カイリキー(キョダイマックス),クロスチョップ,ヘビーボンバー,いわなだれ,ばくれつパンチ,インファイト,じごくぐるま,しっぺがえし,ストーンエッジ
0,69,マダツボミ,つるのムチ,ようかいえき
1,69,マダツボミ,やつあたり,おんがえし,まきつく,ヘドロばくだん,パワーウィップ
0,70,ウツドン,タネマシンガン,ようかいえき,はっぱカッター
1,70,ウツドン,やつあたり,おんがえし,タネばくだん,ヘドロばくだん,パワーウィップ
0,71,ウツボット,ようかいえき,はっぱカッター,マジカルリーフ
1,71,ウツボット,やつあたり,アシッドボム,おんがえし,グラスミキサー,リーフブレード,ヘドロばくだん,ソーラービーム
0,71-1,メガウツボット,ようかいえき,はっぱカッター,マジカルリーフ
1,71-1,メガウツボット,アシッドボム,おんがえし,グラスミキサー,リーフブレード,ヘドロばくだん,ソーラービーム
0,72,メノクラゲ,どくばり,あわ
1,72,メノクラゲ,やつあたり,おんがえし,バブルこうせん,まきつく,みずのはどう
0,73,ドククラゲ,どくばり,ようかいえき,どくづき
1,73,ドククラゲ,やつあたり,アシッドボム,おんがえし,ねっとう,しっぺがえし,ヘドロウェーブ,ふぶき,ハイドロポンプ
0,74,イシツブテ,たいあたり,いわおとし
1,74,イシツブテ,やつあたり,おんがえし,がんせきふうじ,いわなだれ,あなをほる
0,74-1,イシツブテ(アローラのすがた),いわおとし,ボルトチェンジ
1,74-1,イシツブテ(アローラのすがた),やつあたり,おんがえし,がんせきふうじ,いわなだれ,１０まんボルト
0,75,ゴローン,マッドショット,いわおとし,どろかけ
1,75,ゴローン,やつあたり,おんがえし,ロックブラスト,あなをほる,ストーンエッジ,いわなだれ
0,75-1,ゴローン(アローラのすがた),ボルトチェンジ,いわおとし,ころがる
1,75-1,ゴローン(アローラのすがた),やつあたり,おんがえし,ロックブラスト,１０まんボルト,ストーンエッジ
0,76,ゴローニャ,マッドショット,いわおとし,どろかけ
1,76,ゴローニャ,やつあたり,おんがえし,ロックブラスト,げんしのちから,ストーンエッジ,じしん
0,76-1,ゴローニャ(アローラのすがた),いわおとし,ボルトチェンジ,ころがる
1,76-1,ゴローニャ(アローラのすがた),やつあたり,おんがえし,ロックブラスト,ワイルドボルト,ストーンエッジ
0,77,ポニータ,たいあたり,ひのこ
1,77,ポニータ,やつあたり,おんがえし,ニトロチャージ,ふみつけ,かえんぐるま
0,77-1,ポニータ(ガラルのすがた),サイコカッター,けたぐり
1,77-1,ポニータ(ガラルのすがた),スピードスター,サイケこうせん,じゃれつく
0,78,ギャロップ,けたぐり,ほのおのうず,やきつくす,ひのこ
1,78,ギャロップ,やつあたり,おんがえし,ニトロチャージ,ドリルライナー,ねっさのだいち,ねっぷう,だいもんじ,ワイルドボルト
0,78-1,ギャロップ(ガラルのすがた),サイコカッター,けたぐり,ようせいのかぜ
1,78-1,ギャロップ(ガラルのすがた),のしかかり,じゃれつく,サイコキネシス,１０まんばりき,メガホーン,ワイルドボルト
0,79,ヤドン,みずでっぽう,ねんりき
1,79,ヤドン,やつあたり,おんがえし,サイコショック,みずのはどう,サイコキネシス
0,79-1,ヤドン(ガラルのすがた),アイアンテール,ねんりき
1,79-1,ヤドン(ガラルのすがた),サイコショック,なみのり,サイコキネシス
0,80,ヤドラン,みずでっぽう,ねんりき
1,80,ヤドラン,やつあたり,おんがえし,ドレインパンチ,みずのはどう,ねっとう,れいとうビーム,サイコキネシス,なみのり
0,80-1,メガヤドラン,みずでっぽう,ねんりき
1,80-1,メガヤドラン,おんがえし,ドレインパンチ,みずのはどう,ねっとう,サイコキネシス,れいとうビーム,なみのり
0,80-2,ヤドラン(ガラルのすがた),どくづき,ねんりき
1,80-2,ヤドラン(ガラルのすがた),ドレインパンチ,ぶんまわす,ねっとう,ヘドロばくだん,サイコキネシス,きあいだま,なみのり
0,81,コイル,スパーク,きんぞくおん,でんきショック,ボルトチェンジ
1,81,コイル,やつあたり,おんがえし,ほうでん,マグネットボム,１０まんボルト
0,82,レアコイル,でんきショック,スパーク,きんぞくおん,チャージビーム,ボルトチェンジ
1,82,レアコイル,やつあたり,おんがえし,ほうでん,マグネットボム,ラスターカノン,でんじほう
0,83,カモネギ,れんぞくぎり,エアスラッシュ,いあいぎり
1,83,カモネギ,つばめがえし,リーフブレード,エアカッター
0,83-1,カモネギ(ガラルのすがた),れんぞくぎり,いわくだき
1,83-1,カモネギ(ガラルのすがた),かわらわり,リーフブレード,ブレイブバード
0,84,ドードー,でんこうせっか,つつく
1,84,ドードー,つばめがえし,ドリルくちばし,ブレイブバード,スピードスター
0,85,ドードリオ,つつく,だましうち,はがねのつばさ
1,85,ドードリオ,つばめがえし,ドリルくちばし,くさわけ,ブレイブバード,エアカッター
0,86,パウワウ,したでなめる,こおりのつぶて,みずでっぽう
1,86,パウワウ,アクアテール,こごえるかぜ,オーロラビーム,アクアジェット
0,87,ジュゴン,こおりのいぶき,アイアンテール,こおりのつぶて
1,87,ジュゴン,アクアブレイク,みずのはどう,オーロラビーム,ドリルライナー,ふぶき,アクアジェット,こごえるかぜ
0,88,ベトベター,どくづき,どろかけ,ようかいえき
1,88,ベトベター,やつあたり,おんがえし,ヘドロこうげき,どろばくだん,ヘドロばくだん
0,88-1,ベトベター(アローラのすがた),かみつく,どくづき
1,88-1,ベトベター(アローラのすがた),やつあたり,おんがえし,かみくだく,ヘドロばくだん,ダストシュート
0,89,ベトベトン,まとわりつく,どくづき,したでなめる,ようかいえき
1,89,ベトベトン,やつあたり,アシッドボム,おんがえし,かみなりパンチ,あくのはどう,ヘドロウェーブ,ダストシュート
0,89-1,ベトベトン(アローラのすがた),かみつく,バークアウト,どくづき
1,89-1,ベトベトン(アローラのすがた),やつあたり,アシッドボム,おんがえし,あくのはどう,ヘドロウェーブ,ダストシュート
0,90,シェルダー,たいあたり,こおりのつぶて
1,90,シェルダー,やつあたり,おんがえし,バブルこうせん,シェルブレード,こごえるかぜ,みずのはどう
0,91,パルシェン,こおりのつぶて,こおりのいぶき
1,91,パルシェン,やつあたり,おんがえし,シェルブレード,こごえるかぜ,アクアブレイク,オーロラビーム,ゆきなだれ,ハイドロポンプ,ふぶき
0,92,ゴース,したでなめる,おどろかす,ふいうち
1,92,ゴース,やつあたり,おんがえし,ナイトヘッド,あくのはどう,ヘドロばくだん,あやしいかぜ
0,93,ゴースト,シャドークロー,おどろかす,したでなめる
1,93,ゴースト,やつあたり,おんがえし,シャドーパンチ,れいとうパンチ,あくのはどう,ヘドロばくだん,シャドーボール
0,94,ゲンガー,ふいうち,シャドークロー,たたりめ,したでなめる
1,94,ゲンガー,やつあたり,おんがえし,ドレインパンチ,ヘドロばくだん,シャドーボール,きあいだま,シャドーパンチ,あくのはどう,サイコキネシス,ヘドロウェーブ
0,94-1,メガゲンガー,ふいうち,シャドークロー,たたりめ,したでなめる
1,94-1,メガゲンガー,おんがえし,ドレインパンチ,ヘドロばくだん,シャドーボール,きあいだま,シャドーパンチ,あくのはどう,サイコキネシス,ヘドロウェーブ
0,94-2,ゲンガー(キョダイマックス),ふいうち,シャドークロー,たたりめ,したでなめる
1,94-2,ゲンガー(キョダイマックス),ドレインパンチ,ヘドロばくだん,シャドーボール,きあいだま,シャドーパンチ,あくのはどう,サイコキネシス,ヘドロウェーブ
0,95,イワーク,たいあたり,いわおとし
1,95,イワーク,やつあたり,おんがえし,ワイドブレイカー,すなじごく,ヘビーボンバー,ストーンエッジ,アイアンヘッド,いわなだれ
0,96,スリープ,はたく,ねんりき
1,96,スリープ,やつあたり,おんがえし,サイコショック,サイケこうせん,サイコキネシス
0,97,スリーパー,しねんのずつき,ねんりき
1,97,スリーパー,やつあたり,おんがえし,かみなりパンチ,れいとうパンチ,ほのおのパンチ,サイコキネシス,シャドーボール,みらいよち,きあいだま,サイコショック
0,98,クラブ,マッドショット,あわ
1,98,クラブ,やつあたり,おんがえし,はさむ,バブルこうせん,シェルブレード,みずのはどう
0,99,キングラー,メタルクロー,あわ,マッドショット
1,99,キングラー,やつあたり,おんがえし,はさむ,シザークロス,シェルブレード,みずのはどう,クラブハンマー
0,99-1,キングラー(キョダイマックス),メタルクロー,あわ,マッドショット
1,99-1,キングラー(キョダイマックス),はさむ,シザークロス,シェルブレード,みずのはどう,クラブハンマー
0,100,ビリリダマ,スパーク,たいあたり
1,100,ビリリダマ,やつあたり,おんがえし,ほうでん,１０まんボルト,ジャイロボール,シグナルビーム
0,100-1,ビリリダマ(ヒスイのすがた),たいあたり,チャージビーム
1,100-1,ビリリダマ(ヒスイのすがた),スピードスター,１０まんボルト,エナジーボール
0,101,マルマイン,スパーク,ボルトチェンジ,たいあたり
1,101,マルマイン,やつあたり,おんがえし,ほうでん,イカサマ,１０まんボルト,はかいこうせん
0,101-1,マルマイン(ヒスイのすがた),でんきショック,たいあたり
1,101-1,マルマイン(ヒスイのすがた),スピードスター,ワイルドボルト,エナジーボール
0,102,タマタマ,タネマシンガン,ねんりき
1,102,タマタマ,やつあたり,おんがえし,タネばくだん,げんしのちから,サイコキネシス
0,103,ナッシー,タネマシンガン,じんつうりき,ねんりき,しねんのずつき
1,103,ナッシー,やつあたり,おんがえし,タネばくだん,サイコキネシス,ソーラービーム
0,103-1,ナッシー(アローラのすがた),タネマシンガン,ドラゴンテール
1,103-1,ナッシー(アローラのすがた),やつあたり,おんがえし,タネばくだん,りゅうのはどう,ソーラービーム,りゅうせいぐん
0,104,カラカラ,いわくだき,どろかけ
1,104,カラカラ,やつあたり,おんがえし,ホネこんぼう,じならし,あなをほる
0,105,ガラガラ,いわくだき,どろかけ
1,105,ガラガラ,やつあたり,おんがえし,ホネこんぼう,いわなだれ,あなをほる,じしん
0,105-1,ガラガラ(アローラのすがた),たたりめ,ほのおのうず,いわくだき
1,105-1,ガラガラ(アローラのすがた),やつあたり,おんがえし,ホネこんぼう,かえんぐるま,シャドーボール,だいもんじ,シャドーボーン
0,106,サワムラー,けたぐり,にどげり,いわくだき
1,106,サワムラー,やつあたり,おんがえし,ブレイズキック,ローキック,インファイト,ストーンエッジ,かわらわり,ふみつけ
0,107,エビワラー,バレットパンチ,カウンター,いわくだき
1,107,エビワラー,やつあたり,おんがえし,グロウパンチ,かみなりパンチ,れいとうパンチ,ほのおのパンチ,インファイト,かわらわり
0,108,ベロリンガ,したでなめる,しねんのずつき
1,108,ベロリンガ,まきつく,ふみつけ,パワーウィップ,はかいこうせん,のしかかり
0,109,ドガース,たいあたり,まとわりつく,ようかいえき
1,109,ドガース,やつあたり,おんがえし,ヘドロこうげき,あくのはどう,ヘドロばくだん
0,110,マタドガス,たいあたり,まとわりつく,ころがる,ようかいえき
1,110,マタドガス,やつあたり,おんがえし,１０まんボルト,あくのはどう,ヘドロばくだん,シャドーボール
0,110-1,マタドガス(ガラルのすがた),たいあたり,ようせいのかぜ
1,110-1,マタドガス(ガラルのすがた),やつあたり,おんがえし,ヘドロこうげき,ぶんまわす,じゃれつく,はかいこうせん,オーバーヒート
0,111,サイホーン,いわくだき,どろかけ
1,111,サイホーン,やつあたり,おんがえし,つのでつく,ふみつけ,じならし
0,112,サイドン,いわくだき,どろかけ
1,112,サイドン,やつあたり,おんがえし,ワイドブレイカー,なみのり,ストーンエッジ,じしん,メガホーン
0,113,ラッキー,はたく,しねんのずつき
1,113,ラッキー,サイコキネシス,マジカルシャイン,はかいこうせん,サイケこうせん
0,114,モンジャラ,つるのムチ,まとわりつく
1,114,モンジャラ,やつあたり,おんがえし,ヘドロばくだん,くさむすび,ソーラービーム,パワーウィップ
0,115,ガルーラ,けたぐり,どろかけ
1,115,ガルーラ,グロウパンチ,かみくだく,げきりん,じしん,かわらわり,ふみつけ
0,115-1,メガガルーラ,けたぐり,どろかけ
1,115-1,メガガルーラ,グロウパンチ,かみくだく,げきりん,じしん,かわらわり,ふみつけ
0,116,タッツー,みずでっぽう,あわ
1,116,タッツー,やつあたり,おんがえし,バブルこうせん,りゅうのはどう,ラスターカノン
0,117,シードラ,みずでっぽう,りゅうのいぶき
1,117,シードラ,やつあたり,おんがえし,オーロラビーム,りゅうのはどう,ハイドロポンプ,ふぶき
0,118,トサキント,マッドショット,つつく
1,118,トサキント,つのでつく,アクアテール,みずのはどう
0,119,アズマオウ,つつく,たきのぼり,どくづき
1,119,アズマオウ,みずのはどう,れいとうビーム,メガホーン,こごえるかぜ,ドリルライナー
0,120,ヒトデマン,たいあたり,みずでっぽう,でんこうせっか
1,120,ヒトデマン,やつあたり,おんがえし,バブルこうせん,スピードスター,パワージェム
0,121,スターミー,サイコウェーブ,みずでっぽう,たいあたり,めざめるパワーほのお,めざめるパワーみず,めざめるパワーでんき,めざめるパワーくさ,めざめるパワーこおり,めざめるパワーかくとう,めざめるパワーどく,めざめるパワーじめん,めざめるパワーひこう,めざめるパワーエスパー,めざめるパワーむし,めざめるパワーいわ,めざめるパワーゴースト,めざめるパワードラゴン,めざめるパワーあく,めざめるパワーはがね
1,121,スターミー,やつあたり,おんがえし,なみのり,サイケこうせん,パワージェム,サイコキネシス,れいとうビーム,かみなり,ハイドロポンプ,アクアジェット
0,122,バリヤード,サイコウェーブ,しねんのずつき,マジカルリーフ,ねんりき
1,122,バリヤード,サイケこうせん,サイコキネシス,シャドーボール
0,122-1,バリヤード(ガラルのすがた),しねんのずつき,ねんりき
1,122-1,バリヤード(ガラルのすがた),れいとうパンチ,トリプルアクセル,サイケこうせん,サイコキネシス
0,123,ストライク,れんぞくぎり,エアスラッシュ,はがねのつばさ
1,123,ストライク,やつあたり,おんがえし,つじぎり,シザークロス,つばめがえし,くさわけ,むしのさざめき
0,124,ルージュラ,こおりのいぶき,ねんりき,はたく
1,124,ルージュラ,サイコショック,ドレインキッス,ゆきなだれ,きあいだま,れいとうパンチ
0,125,エレブー,でんきショック,けたぐり
1,125,エレブー,やつあたり,おんがえし,かみなりパンチ,１０まんボルト,かみなり
0,126,ブーバー,ひのこ,からてチョップ
1,126,ブーバー,やつあたり,おんがえし,ほのおのパンチ,かえんほうしゃ,ねっさのだいち,だいもんじ
0,127,カイロス,れんぞくぎり,むしくい,いわくだき
1,127,カイロス,やつあたり,おんがえし,はさむ,シザークロス,ばかぢから,インファイト,じごくぐるま
0,127-1,メガカイロス,れんぞくぎり,むしくい,いわくだき
1,127-1,メガカイロス,おんがえし,はさむ,シザークロス,ばかぢから,インファイト,じごくぐるま
0,128,ケンタロス,たいあたり,しねんのずつき
1,128,ケンタロス,つのでつく,アイアンヘッド,くさわけ,じしん
0,128-1,ケンタロス(パルデアのすがた・コンバットしゅ),たいあたり,にどげり,しねんのずつき
1,128-1,ケンタロス(パルデアのすがた・コンバットしゅ),アイアンヘッド,くさわけ,インファイト,じしん
0,128-2,ケンタロス(パルデアのすがた・ブレイズしゅ),たいあたり,にどげり,しねんのずつき
1,128-2,ケンタロス(パルデアのすがた・ブレイズしゅ),ニトロチャージ,アイアンヘッド,くさわけ,じしん
0,128-3,ケンタロス(パルデアのすがた・ウォーターしゅ),たいあたり,にどげり,しねんのずつき
1,128-3,ケンタロス(パルデアのすがた・ウォーターしゅ),アクアジェット,アイアンヘッド,くさわけ,じしん
0,129,コイキング,はねる
1,129,コイキング,やつあたり,おんがえし,わるあがき
0,130,ギャラドス,かみつく,りゅうのいぶき,たきのぼり,ドラゴンテール
1,130,ギャラドス,やつあたり,おんがえし,たつまき,かみくだく,げきりん,ハイドロポンプ,アクアテール,りゅうのはどう
0,130-1,メガギャラドス,かみつく,りゅうのいぶき,たきのぼり,ドラゴンテール
1,130-1,メガギャラドス,おんがえし,たつまき,かみくだく,げきりん,ハイドロポンプ,アクアテール,りゅうのはどう
0,131,ラプラス,サイコウェーブ,みずでっぽう,こおりのいぶき,こおりのつぶて
1,131,ラプラス,やつあたり,おんがえし,うたかたのアリア,なみのり,ふぶき,ロケットずつき,ハイドロポンプ,りゅうのはどう,れいとうビーム
0,131-1,ラプラス(キョダイマックス),サイコウェーブ,みずでっぽう,こおりのつぶて,こおりのいぶき
1,131-1,ラプラス(キョダイマックス),うたかたのアリア,なみのり,りゅうのはどう,れいとうビーム,ふぶき,ロケットずつき,ハイドロポンプ
0,132,メタモン,へんしん
1,132,メタモン,わるあがき
0,133,イーブイ,たいあたり,でんこうせっか
1,133,イーブイ,スピードスター,あなをほる,のしかかり,とっておき
0,134,シャワーズ,みずでっぽう
1,134,シャワーズ,アクアテール,アクアブレイク,みずのはどう,ハイドロポンプ,ねっとう,とっておき
0,135,サンダース,でんきショック,ボルトチェンジ
1,135,サンダース,ほうでん,１０まんボルト,かみなり,とっておき,でんじほう
0,136,ブースター,ひのこ,ほのおのうず
1,136,ブースター,かえんほうしゃ,だいもんじ,オーバーヒート,ばかぢから,とっておき,ねっぷう
0,137,ポリゴン,チャージビーム,たいあたり,でんこうせっか,しねんのずつき,めざめるパワーほのお,めざめるパワーみず,めざめるパワーでんき,めざめるパワーくさ,めざめるパワーこおり,めざめるパワーかくとう,めざめるパワーどく,めざめるパワーじめん,めざめるパワーひこう,めざめるパワーエスパー,めざめるパワーむし,めざめるパワーいわ,めざめるパワーゴースト,めざめるパワードラゴン,めざめるパワーあく,めざめるパワーはがね
1,137,ポリゴン,やつあたり,おんがえし,でんじほう,はかいこうせん,ソーラービーム,ほうでん,サイケこうせん,シグナルビーム
0,138,オムナイト,マッドショット,みずでっぽう
1,138,オムナイト,やつあたり,おんがえし,バブルこうせん,ロックブラスト,げんしのちから,がんせきふうじ,しおみず
0,139,オムスター,マッドショット,みずでっぽう,いわおとし
1,139,オムスター,やつあたり,おんがえし,ロックブラスト,げんしのちから,ハイドロポンプ,いわなだれ
0,140,カブト,マッドショット,ひっかく
1,140,カブト,やつあたり,おんがえし,アクアジェット,げんしのちから,がんせきふうじ
0,141,カブトプス,マッドショット,たきのぼり,いわくだき,れんぞくぎり
1,141,カブトプス,やつあたり,おんがえし,げんしのちから,みずのはどう,ストーンエッジ,アクアジェット
0,142,プテラ,りゅうのいぶき,かみつく,いわおとし,はがねのつばさ
1,142,プテラ,やつあたり,おんがえし,げんしのちから,アイアンヘッド,いわなだれ,だいちのちから,はかいこうせん
0,142-1,メガプテラ,かみつく,いわおとし,はがねのつばさ
1,142-1,メガプテラ,おんがえし,げんしのちから,アイアンヘッド,いわなだれ,だいちのちから,はかいこうせん
0,143,カビゴン,したでなめる,しねんのずつき,あくび
1,143,カビゴン,やつあたり,おんがえし,のしかかり,ヘビーボンバー,ばかぢから,げきりん,ロケットずつき,じしん,はかいこうせん
0,143-1,カビゴン(キョダイマックス),したでなめる,しねんのずつき,あくび
1,143-1,カビゴン(キョダイマックス),のしかかり,ヘビーボンバー,ばかぢから,げきりん,ロケットずつき,じしん,はかいこうせん
0,144,フリーザー,こなゆき,こおりのつぶて,こおりのいぶき
1,144,フリーザー,やつあたり,おんがえし,トリプルアクセル,こごえるかぜ,げんしのちから,れいとうビーム,ふぶき,ぼうふう
0,144-1,フリーザー(ガラルのすがた),サイコカッター,ねんりき
1,144-1,フリーザー(ガラルのすがた),げんしのちから,そらをとぶ,みらいよち,ブレイブバード
0,145,サンダー,チャージビーム,でんきショック
1,145,サンダー,やつあたり,おんがえし,ドリルくちばし,げんしのちから,１０まんボルト,ねっぷう,かみなり,でんじほう
0,145-1,サンダー(ガラルのすがた),カウンター,けたぐり
1,145-1,サンダー(ガラルのすがた),げんしのちから,そらをとぶ,インファイト,ブレイブバード
0,146,ファイヤー,つばさでうつ,ほのおのうず
1,146,ファイヤー,やつあたり,おんがえし,げんしのちから,そらをとぶ,ねっぷう,だいもんじ,オーバーヒート,ゴッドバード
0,146-1,ファイヤー(ガラルのすがた),ふいうち,つばさでうつ
1,146-1,ファイヤー(ガラルのすがた),げんしのちから,そらをとぶ,しっぺがえし,ブレイブバード
0,147,ミニリュウ,りゅうのいぶき,アイアンテール
1,147,ミニリュウ,やつあたり,おんがえし,アクアテール,たつまき,まきつく
0,148,ハクリュー,りゅうのいぶき,アイアンテール
1,148,ハクリュー,やつあたり,おんがえし,のしかかり,アクアテール,まきつく,りゅうのはどう
0,149,カイリュー,りゅうのいぶき,はがねのつばさ,ドラゴンテール
1,149,カイリュー,やつあたり,おんがえし,ドラゴンクロー,かみなりパンチ,ばかぢから,げきりん,ぼうふう,はかいこうせん,りゅうのはどう,りゅうせいぐん
0,149-1,メガカイリュー,りゅうのいぶき,はがねのつばさ,ドラゴンテール
1,149-1,メガカイリュー,おんがえし,ドラゴンクロー,かみなりパンチ,ばかぢから,げきりん,ぼうふう,はかいこうせん,りゅうのはどう,りゅうせいぐん
0,150,ミュウツー,サイコカッター,ねんりき
1,150,ミュウツー,やつあたり,おんがえし,かえんほうしゃ,１０まんボルト,サイコキネシス,れいとうビーム,きあいだま,サイコブレイク,シャドーボール,はかいこうせん
0,150-1,アーマードミュウツー,アイアンテール,ねんりき
1,150-1,アーマードミュウツー,いわなだれ,ばくれつパンチ,みらいよち,じしん,サイコブレイク
0,151,ミュウ,いあいぎり,シャドークロー,はたく,チャージビーム,まとわりつく,こおりのいぶき,バークアウト,どくづき,ボルトチェンジ,たきのぼり,ドラゴンテール,はがねのつばさ,むしのていこう,いわくだき
1,151,ミュウ,ローキック,ドラゴンクロー,サイコショック,ニトロチャージ,げんしのちから,なみのり,いわなだれ,じならし,あくのはどう,１０まんボルト,ジャイロボール,くさむすび,ワイルドボルト,エナジーボール,サイコキネシス,れいとうビーム,マジカルシャイン,かみなり,ラスターカノン,ストーンエッジ,ふぶき,きあいだま,はかいこうせん,オーバーヒート,ソーラービーム
0,152,チコリータ,たいあたり,つるのムチ,マジカルリーフ
1,152,チコリータ,やつあたり,おんがえし,のしかかり,くさむすび,エナジーボール
0,153,ベイリーフ,たいあたり,はっぱカッター,マジカルリーフ
1,153,ベイリーフ,やつあたり,おんがえし,げんしのちから,くさむすび,エナジーボール
0,154,メガニウム,つるのムチ,はっぱカッター,マジカルリーフ
1,154,メガニウム,やつあたり,おんがえし,はなふぶき,じしん,ソーラービーム,ハードプラント
0,155,ヒノアラシ,たいあたり,ひのこ
1,155,ヒノアラシ,やつあたり,おんがえし,ニトロチャージ,かえんほうしゃ,スピードスター
0,156,マグマラシ,たいあたり,ひのこ
1,156,マグマラシ,やつあたり,おんがえし,ニトロチャージ,かえんほうしゃ,あなをほる
0,157,バクフーン,シャドークロー,ひのこ,やきつくす
1,157,バクフーン,やつあたり,おんがえし,かみなりパンチ,だいもんじ,オーバーヒート,ソーラービーム,ブラストバーン
0,157-1,バクフーン(ヒスイのすがた),たたりめ,ひのこ
1,157-1,バクフーン(ヒスイのすがた),ほのおのパンチ,ナイトヘッド,ワイルドボルト,シャドーボール,オーバーヒート
0,158,ワニノコ,みずでっぽう,ひっかく
1,158,ワニノコ,やつあたり,おんがえし,アクアジェット,かみくだく,みずのはどう
0,159,アリゲイツ,みずでっぽう,ひっかく
1,159,アリゲイツ,やつあたり,おんがえし,れいとうパンチ,かみくだく,みずのはどう
0,160,オーダイル,シャドークロー,かみつく,こおりのキバ,たきのぼり,みずでっぽう
1,160,オーダイル,やつあたり,おんがえし,かみくだく,れいとうビーム,ハイドロポンプ,ハイドロカノン
0,161,オタチ,ひっかく,でんこうせっか
1,161,オタチ,かわらわり,くさむすび,あなをほる
0,162,オオタチ,ふいうち,でんこうせっか
1,162,オオタチ,かわらわり,スピードスター,くさわけ,あなをほる,はかいこうせん
0,163,ホーホー,つつく,だましうち
1,163,ホーホー,つばめがえし,ナイトヘッド,ゴッドバード
0,164,ヨルノズク,つばさでうつ,じんつうりき
1,164,ヨルノズク,ナイトヘッド,ゴッドバード,サイコキネシス,シャドーボール
0,165,レディバ,むしくい,たいあたり
1,165,レディバ,やつあたり,おんがえし,つばめがえし,ぎんいろのかぜ,スピードスター
0,166,レディアン,むしくい,カウンター,むしのていこう,ころがる
1,166,レディアン,やつあたり,おんがえし,つばめがえし,ぎんいろのかぜ,ばくれつパンチ,むしのさざめき,アクロバット
0,167,イトマル,どくばり,むしくい
1,167,イトマル,クロスポイズン,つじぎり,シグナルビーム
0,168,アリアドス,どくばり,まとわりつく
1,168,アリアドス,クロスポイズン,かげうち,とびかかる,くさわけ,メガホーン
0,169,クロバット,かみつく,エアスラッシュ
1,169,クロバット,やつあたり,おんがえし,どくどくのキバ,クロスポイズン,エアカッター,ヘドロばくだん,シャドーボール
0,170,チョンチー,スパーク,あわ
1,170,チョンチー,バブルこうせん,みずのはどう,１０まんボルト
0,171,ランターン,スパーク,みずでっぽう,チャージビーム
1,171,ランターン,なみのり,１０まんボルト,かみなり,ハイドロポンプ
0,172,ピチュー,でんきショック,でんこうせっか
1,172,ピチュー,かみなりパンチ,チャームボイス,１０まんボルト
0,173,ピィ,はたく,しねんのずつき
1,173,ピィ,サイコショック,スピードスター,シグナルビーム,くさむすび,のしかかり,サイコキネシス
0,174,ププリン,はたく,だましうち
1,174,ププリン,スピードスター,ワイルドボルト,サイコキネシス,シャドーボール,のしかかり
0,175,トゲピー,つつく,しねんのずつき,めざめるパワーほのお,めざめるパワーみず,めざめるパワーでんき,めざめるパワーくさ,めざめるパワーこおり,めざめるパワーかくとう,めざめるパワーどく,めざめるパワーじめん,めざめるパワーひこう,めざめるパワーエスパー,めざめるパワーむし,めざめるパワーいわ,めざめるパワーゴースト,めざめるパワードラゴン,めざめるパワーあく,めざめるパワーはがね
1,175,トゲピー,サイコショック,げんしのちから,マジカルシャイン
0,176,トゲチック,ようせいのかぜ,じんつうりき,しねんのずつき,はがねのつばさ,めざめるパワーほのお,めざめるパワーみず,めざめるパワーでんき,めざめるパワーくさ,めざめるパワーこおり,めざめるパワーかくとう,めざめるパワーどく,めざめるパワーじめん,めざめるパワーひこう,めざめるパワーエスパー,めざめるパワーむし,めざめるパワーいわ,めざめるパワーゴースト,めざめるパワードラゴン,めざめるパワーあく,めざめるパワーはがね
1,176,トゲチック,つばめがえし,サイコショック,げんしのちから,ドレインキッス,マジカルシャイン,ねっぷう
0,177,ネイティ,でんこうせっか,つつく
1,177,ネイティ,やつあたり,おんがえし,サイコショック,ドリルくちばし,ナイトヘッド
0,178,ネイティオ,つつく,だましうち,エアスラッシュ
1,178,ネイティオ,やつあたり,おんがえし,あやしいかぜ,つばめがえし,サイコショック,みらいよち,シャドーボール
0,179,メリープ,でんきショック,たいあたり
1,179,メリープ,やつあたり,おんがえし,のしかかり,ほうでん,くさわけ,１０まんボルト
0,180,モココ,たいあたり,チャージビーム
1,180,モココ,やつあたり,おんがえし,ほうでん,くさわけ,パワージェム,１０まんボルト
0,181,デンリュウ,チャージビーム,ボルトチェンジ
1,181,デンリュウ,やつあたり,おんがえし,かみなりパンチ,ぶんまわす,くさわけ,パワージェム,かみなり,きあいだま,でんじほう,りゅうのはどう
0,181-1,メガデンリュウ,チャージビーム,ボルトチェンジ
1,181-1,メガデンリュウ,おんがえし,かみなりパンチ,ぶんまわす,くさわけ,パワージェム,かみなり,でんじほう,きあいだま,りゅうのはどう
0,182,キレイハナ,タネマシンガン,ようかいえき,はっぱカッター,マジカルリーフ
1,182,キレイハナ,やつあたり,おんがえし,リーフブレード,マジカルシャイン,はなふぶき
0,183,マリル,たいあたり,あわ
1,183,マリル,バブルこうせん,アクアテール,のしかかり
0,184,マリルリ,あわ,いわくだき
1,184,マリルリ,じゃれつく,れいとうビーム,ハイドロポンプ
0,185,ウソッキー,いわおとし,カウンター
1,185,ウソッキー,やつあたり,おんがえし,がんせきふうじ,くさわけ,いわなだれ,ストーンエッジ,じしん,メテオビーム
0,186,ニョロトノ,マッドショット,あわ
1,186,ニョロトノ,やつあたり,おんがえし,ウェザーボール(みず),なみのり,ねっとう,ふぶき,ハイドロポンプ,れいとうビーム,じしん
0,187,ハネッコ,たいあたり,タネマシンガン
1,187,ハネッコ,やつあたり,おんがえし,タネばくだん,くさむすび,マジカルシャイン
0,188,ポポッコ,たいあたり,タネマシンガン
1,188,ポポッコ,やつあたり,おんがえし,くさむすび,エナジーボール,マジカルシャイン
0,189,ワタッコ,タネマシンガン,まとわりつく,ようせいのかぜ
1,189,ワタッコ,やつあたり,おんがえし,つばめがえし,エナジーボール,マジカルシャイン,ソーラービーム,アクロバット
0,190,エイパム,ひっかく,おどろかす
1,190,エイパム,やつあたり,おんがえし,ローキック,つばめがえし,スピードスター
0,191,ヒマナッツ,いあいぎり,はっぱカッター
1,191,ヒマナッツ,タネばくだん,くさむすび,エナジーボール
0,192,キマワリ,タネマシンガン,はっぱカッター
1,192,キマワリ,ヘドロばくだん,はなふぶき,リーフストーム,ソーラービーム
0,193,ヤンヤンマ,つばさでうつ,でんこうせっか
1,193,ヤンヤンマ,つばめがえし,ぎんいろのかぜ,げんしのちから
0,194,ウパー,マッドショット,みずでっぽう
1,194,ウパー,やつあたり,おんがえし,のしかかり,どろばくだん,あなをほる
0,194-1,ウパー(パルデアのすがた),マッドショット,どくづき
1,194-1,ウパー(パルデアのすがた),のしかかり,あなをほる,ヘドロウェーブ
0,195,ヌオー,マッドショット,みずでっぽう
1,195,ヌオー,やつあたり,アシッドボム,おんがえし,ドレインパンチ,どろばくだん,ヘドロばくだん,ストーンエッジ,じしん,アクアテール
0,196,エーフィ,しねんのずつき,ねんりき
1,196,エーフィ,サイコファング,サイケこうせん,サイコキネシス,みらいよち,とっておき,シャドーボール
0,197,ブラッキー,バークアウト,だましうち
1,197,ブラッキー,イカサマ,あくのはどう,とっておき,サイコキネシス
0,198,ヤミカラス,つつく,だましうち
1,198,ヤミカラス,やつあたり,おんがえし,ドリルくちばし,イカサマ,あくのはどう
0,199,ヤドキング,みずでっぽう,ねんりき
1,199,ヤドキング,やつあたり,おんがえし,ねっとう,サイコキネシス,ふぶき,だいもんじ,なみのり
0,199-1,ヤドキング(ガラルのすがた),たたりめ,ようかいえき,ねんりき
1,199-1,ヤドキング(ガラルのすがた),サイコショック,ねっとう,シャドーボール,ヘドロウェーブ,みらいよち,なみのり
0,200,ムウマ,サイコウェーブ,おどろかす,たたりめ
1,200,ムウマ,やつあたり,おんがえし,かげうち,あやしいかぜ,あくのはどう
0,201,アンノーン,めざめるパワーほのお,めざめるパワーみず,めざめるパワーでんき,めざめるパワーくさ,めざめるパワーこおり,めざめるパワーかくとう,めざめるパワーどく,めざめるパワーじめん,めざめるパワーひこう,めざめるパワーエスパー,めざめるパワーむし,めざめるパワーいわ,めざめるパワーゴースト,めざめるパワードラゴン,めざめるパワーあく,めざめるパワーはがね
1,201,アンノーン,わるあがき
0,202,ソーナンス,はねる,カウンター,あまえる
1,202,ソーナンス,やつあたり,おんがえし,ミラーコート
0,203,キリンリキ,たいあたり,にどげり,ねんりき
1,203,キリンリキ,やつあたり,サイコファング,おんがえし,ミラーコート,くさわけ,１０まんボルト,サイコキネシス
0,204,クヌギダマ,たいあたり,むしくい
1,204,クヌギダマ,やつあたり,おんがえし,すなじごく,がんせきふうじ,ジャイロボール
0,205,フォレトス,むしくい,ボルトチェンジ,むしのていこう
1,205,フォレトス,やつあたり,おんがえし,ミラーショット,すなじごく,がんせきふうじ,ヘビーボンバー,じしん
0,206,ノコッチ,かみつく,おどろかす,ころがる
1,206,ノコッチ,いわなだれ,ドリルライナー,あなをほる
0,207,グライガー,れんぞくぎり,つばさでうつ
1,207,グライガー,やつあたり,おんがえし,つじぎり,つばめがえし,あなをほる
0,208,ハガネール,かみなりのキバ,アイアンテール,ドラゴンテール
1,208,ハガネール,やつあたり,サイコファング,おんがえし,ワイドブレイカー,かみくだく,ヘビーボンバー,じしん
0,208-1,メガハガネール,かみなりのキバ,アイアンテール,ドラゴンテール
1,208-1,メガハガネール,おんがえし,ワイドブレイカー,かみくだく,ヘビーボンバー,じしん
0,209,ブルー,たいあたり,かみつく
1,209,ブルー,やつあたり,おんがえし,かわらわり,かみくだく,マジカルシャイン
0,210,グランブル,かみつく,バークアウト,あまえる
1,210,グランブル,やつあたり,おんがえし,かみくだく,じゃれつく,インファイト
0,211,ハリーセン,どくばり,みずでっぽう
1,211,ハリーセン,やつあたり,アシッドボム,おんがえし,とどめばり,アクアテール,ねっとう,れいとうビーム,ヘドロウェーブ,シャドーボール
0,211-1,ハリーセン(ヒスイのすがた),どくばり,どくづき
1,211-1,ハリーセン(ヒスイのすがた),アクアテール,あくのはどう,ヘドロばくだん,れいとうビーム,シャドーボール
0,212,ハッサム,れんぞくぎり,バレットパンチ
1,212,ハッサム,やつあたり,おんがえし,シザークロス,つじぎり,アイアンヘッド,くさわけ
0,212-1,メガハッサム,れんぞくぎり,バレットパンチ
1,212-1,メガハッサム,おんがえし,シザークロス,つじぎり,アイアンヘッド,くさわけ
0,213,ツボツボ,いわおとし,むしのていこう
1,213,ツボツボ,やつあたり,おんがえし,ロックブラスト,ジャイロボール,ストーンエッジ
0,214,ヘラクロス,れんぞくぎり,カウンター,むしのていこう
1,214,ヘラクロス,はやてがえし,ロックブラスト,がんせきふうじ,メガホーン,インファイト,じしん
0,214-1,メガヘラクロス,れんぞくぎり,カウンター,むしのていこう
1,214-1,メガヘラクロス,ロックブラスト,はやてがえし,がんせきふうじ,メガホーン,インファイト,じしん
0,215,ニューラ,こおりのつぶて,だましうち
1,215,ニューラ,やつあたり,おんがえし,れいとうパンチ,トリプルアクセル,イカサマ,ゆきなだれ
0,215-1,ニューラ(ヒスイのすがた),どくづき,いわくだき
1,215-1,ニューラ(ヒスイのすがた),やつあたり,おんがえし,シザークロス,つばめがえし,インファイト
0,216,ヒメグマ,したでなめる,ひっかく
1,216,ヒメグマ,やつあたり,おんがえし,かみくだく,クロスチョップ,くさわけ,スピードスター,じゃれつく
0,217,リングマ,シャドークロー,メタルクロー,カウンター
1,217,リングマ,やつあたり,おんがえし,くさわけ,スピードスター,じゃれつく,インファイト,はかいこうせん
0,218,マグマッグ,ひのこ,いわおとし
1,218,マグマッグ,ニトロチャージ,はじけるほのお,いわなだれ
0,219,マグカルゴ,ひのこ,いわおとし,やきつくす
1,219,マグカルゴ,がんせきふうじ,ねっぷう,ストーンエッジ,オーバーヒート
0,220,ウリムー,たいあたり,こなゆき
1,220,ウリムー,やつあたり,おんがえし,のしかかり,こごえるかぜ,いわなだれ
0,221,イノムー,こなゆき,こおりのつぶて
1,221,イノムー,やつあたり,おんがえし,つららばり,じならし,ゆきなだれ,ストーンエッジ,１０まんばりき
0,222,サニーゴ,たいあたり,あわ
1,222,サニーゴ,バブルこうせん,ロックブラスト,パワージェム
0,222-1,サニーゴ(ガラルのすがた),たいあたり,おどろかす
1,222-1,サニーゴ(ガラルのすがた),ロックブラスト,ナイトヘッド,パワージェム
0,223,テッポウオ,マッドショット,みずでっぽう
1,223,テッポウオ,ロックブラスト,みずのはどう,オーロラビーム
0,224,オクタン,ロックオン,マッドショット,みずでっぽう
1,224,オクタン,アシッドボム,オクタンほう,みずのはどう,オーロラビーム,ダストシュート
0,225,デリバード,プレゼント
1,225,デリバード,やつあたり,おんがえし,れいとうパンチ,つばめがえし,トリプルアクセル,こごえるかぜ,そらをとぶ
0,226,マンタイン,タネマシンガン,つばさでうつ,あわ
1,226,マンタイン,バブルこうせん,つばめがえし,みずのはどう,れいとうビーム,たつまき
0,227,エアームド,エアスラッシュ,はがねのつばさ
1,227,エアームド,やつあたり,おんがえし,ゴッドバード,ラスターカノン,ブレイブバード
0,228,デルビル,ひのこ,だましうち
1,228,デルビル,やつあたり,おんがえし,かみくだく,かえんほうしゃ,あくのはどう
0,229,ヘルガー,バークアウト,ほのおのキバ
1,229,ヘルガー,やつあたり,おんがえし,かみくだく,かえんほうしゃ,イカサマ,だいもんじ
0,229-1,メガヘルガー,バークアウト,ほのおのキバ
1,229-1,メガヘルガー,おんがえし,かみくだく,かえんほうしゃ,イカサマ,だいもんじ
0,230,キングドラ,りゅうのいぶき,たきのぼり,みずでっぽう
1,230,キングドラ,やつあたり,おんがえし,オクタンほう,スピードスター,げきりん,ふぶき,ハイドロポンプ,なみのり
0,231,ゴマゾウ,たいあたり,いわくだき
1,231,ゴマゾウ,やつあたり,おんがえし,のしかかり,くさわけ,いわなだれ,じならし
0,232,ドンファン,たいあたり,カウンター,どろかけ,あまえる
1,232,ドンファン,やつあたり,おんがえし,のしかかり,くさわけ,ヘビーボンバー,じゃれつく,じしん
0,233,ポリゴン2,ロックオン,チャージビーム,めざめるパワーほのお,めざめるパワーみず,めざめるパワーでんき,めざめるパワーくさ,めざめるパワーこおり,めざめるパワーかくとう,めざめるパワーどく,めざめるパワーじめん,めざめるパワーひこう,めざめるパワーエスパー,めざめるパワーむし,めざめるパワーいわ,めざめるパワーゴースト,めざめるパワードラゴン,めざめるパワーあく,めざめるパワーはがね
1,233,ポリゴン2,やつあたり,おんがえし,トライアタック,でんじほう,はかいこうせん,ソーラービーム
0,234,オドシシ,たいあたり,しねんのずつき
1,234,オドシシ,やつあたり,おんがえし,ふみつけ,ワイルドボルト,メガホーン
0,235,ドーブル,たいあたり
1,235,ドーブル,わるあがき
0,236,バルキー,たいあたり,いわくだき
1,236,バルキー,かわらわり,ローキック,いわなだれ
0,237,カポエラー,カウンター,いわくだき
1,237,カポエラー,やつあたり,おんがえし,トリプルアクセル,ジャイロボール,ストーンエッジ,インファイト
0,238,ムチュール,こなゆき,はたく,こおりのいぶき
1,238,ムチュール,れいとうパンチ,サイコショック,れいとうビーム
0,239,エレキッド,でんきショック,けたぐり
1,239,エレキッド,かわらわり,かみなりパンチ,ほうでん,１０まんボルト
0,240,ブビィ,からてチョップ,ひのこ
1,240,ブビィ,かわらわり,ほのおのパンチ,はじけるほのお,かえんほうしゃ
0,241,ミルタンク,たいあたり,しねんのずつき,ころがる
1,241,ミルタンク,のしかかり,ふみつけ,１０まんボルト,ジャイロボール,れいとうビーム
0,242,ハピナス,はたく,しねんのずつき
1,242,ハピナス,サイコキネシス,マジカルシャイン,はかいこうせん,ワイルドボルト
0,243,ライコウ,でんきショック,ボルトチェンジ
1,243,ライコウ,やつあたり,おんがえし,１０まんボルト,ワイルドボルト,はどうだん,シャドーボール,かみなり
0,244,エンテイ,ほのおのキバ,ほのおのうず
1,244,エンテイ,やつあたり,おんがえし,ニトロチャージ,アイアンヘッド,かえんほうしゃ,ねっさのだいち,だいもんじ,オーバーヒート
0,245,スイクン,みずでっぽう,バークアウト,じんつうりき,こおりのキバ,めざめるパワーほのお,めざめるパワーみず,めざめるパワーでんき,めざめるパワーくさ,めざめるパワーこおり,めざめるパワーかくとう,めざめるパワーどく,めざめるパワーじめん,めざめるパワーひこう,めざめるパワーエスパー,めざめるパワーむし,めざめるパワーいわ,めざめるパワーゴースト,めざめるパワードラゴン,めざめるパワーあく,めざめるパワーはがね
1,245,スイクン,やつあたり,おんがえし,バブルこうせん,みずのはどう,ねっとう,れいとうビーム,ハイドロポンプ
0,246,ヨーギラス,かみつく,いわくだき
1,246,ヨーギラス,やつあたり,おんがえし,かみくだく,げんしのちから,ふみつけ
0,247,サナギラス,かみつく,いわくだき
1,247,サナギラス,やつあたり,おんがえし,かみくだく,げんしのちから,あなをほる
0,248,バンギラス,りゅうのいぶき,かみつく,アイアンテール,うちおとす
1,248,バンギラス,やつあたり,おんがえし,ぶんまわす,かみくだく,ストーンエッジ,だいもんじ
0,248-1,メガバンギラス,かみつく,アイアンテール,うちおとす
1,248-1,メガバンギラス,おんがえし,ぶんまわす,かみくだく,ストーンエッジ,だいもんじ
0,249,ルギア,じんつうりき,ドラゴンテール
1,249,ルギア,やつあたり,おんがえし,ゴッドバード,そらをとぶ,みらいよち,ハイドロポンプ,エアロブラスト
0,249-1,ルギア(APEX),じんつうりき,ドラゴンテール
1,249-1,ルギア(APEX),ゴッドバード,そらをとぶ,みらいよち,ハイドロポンプ,エアロブラスト+,エアロブラスト++
0,250,ホウオウ,じんつうりき,はがねのつばさ,やきつくす,めざめるパワーほのお,めざめるパワーみず,めざめるパワーでんき,めざめるパワーくさ,めざめるパワーこおり,めざめるパワーかくとう,めざめるパワーどく,めざめるパワーじめん,めざめるパワーひこう,めざめるパワーエスパー,めざめるパワーむし,めざめるパワーいわ,めざめるパワーゴースト,めざめるパワードラゴン,めざめるパワーあく,めざめるパワーはがね
1,250,ホウオウ,やつあたり,おんがえし,ブレイブバード,だいもんじ,ソーラービーム,せいなるほのお,じしん
0,250-1,ホウオウ(APEX),じんつうりき,はがねのつばさ,やきつくす,めざめるパワーほのお,めざめるパワーみず,めざめるパワーでんき,めざめるパワーくさ,めざめるパワーこおり,めざめるパワーかくとう,めざめるパワーどく,めざめるパワーじめん,めざめるパワーひこう,めざめるパワーエスパー,めざめるパワーむし,めざめるパワーいわ,めざめるパワーゴースト,めざめるパワードラゴン,めざめるパワーあく,めざめるパワーはがね
1,250-1,ホウオウ(APEX),ブレイブバード,せいなるほのお+,だいもんじ,せいなるほのお++,ソーラービーム,じしん
0,251,セレビィ,チャージビーム,ねんりき,マジカルリーフ
1,251,セレビィ,タネばくだん,サイコキネシス,はどうだん,マジカルシャイン,リーフストーム,はかいこうせん
0,252,キモリ,はたく,タネマシンガン
1,252,キモリ,やつあたり,おんがえし,つばめがえし,くさむすび,エナジーボール
0,253,ジュプトル,タネマシンガン,でんこうせっか
1,253,ジュプトル,やつあたり,おんがえし,つばめがえし,リーフブレード,くさむすび
0,254,ジュカイン,れんぞくぎり,タネマシンガン
1,254,ジュカイン,やつあたり,おんがえし,ドラゴンクロー,ワイドブレイカー,つばめがえし,リーフブレード,じしん,ハードプラント
0,254-1,メガジュカイン,れんぞくぎり,タネマシンガン
1,254-1,メガジュカイン,おんがえし,ワイドブレイカー,ドラゴンクロー,つばめがえし,リーフブレード,じしん,ハードプラント
0,255,アチャモ,ひっかく,ひのこ
1,255,アチャモ,やつあたり,おんがえし,ニトロチャージ,かえんほうしゃ,がんせきふうじ
0,256,ワカシャモ,つつく,ひのこ
1,256,ワカシャモ,やつあたり,おんがえし,ニトロチャージ,かえんほうしゃ,いわなだれ
0,257,バシャーモ,ひのこ,ほのおのうず,カウンター
1,257,バシャーモ,やつあたり,おんがえし,ブレイズキック,はどうだん,ブレイブバード,きあいだま,オーバーヒート,ブラストバーン,ストーンエッジ
0,257-1,メガバシャーモ,カウンター,ほのおのうず
1,257-1,メガバシャーモ,おんがえし,ブレイズキック,ブレイブバード,きあいだま,オーバーヒート,ブラストバーン,ストーンエッジ
0,258,ミズゴロウ,みずでっぽう,たいあたり
1,258,ミズゴロウ,やつあたり,おんがえし,ヘドロこうげき,ふみつけ,あなをほる
0,259,ヌマクロー,マッドショット,みずでっぽう
1,259,ヌマクロー,やつあたり,おんがえし,ヘドロこうげき,どろばくだん,なみのり
0,260,ラグラージ,マッドショット,みずでっぽう
1,260,ラグラージ,やつあたり,おんがえし,だくりゅう,ヘドロこうげき,なみのり,ヘドロウェーブ,じしん,ハイドロカノン
0,260-1,メガラグラージ,マッドショット,みずでっぽう
1,260-1,メガラグラージ,おんがえし,だくりゅう,なみのり,ヘドロウェーブ,じしん,ヘドロこうげき,ハイドロカノン
0,261,ポチエナ,たいあたり,バークアウト
1,261,ポチエナ,やつあたり,おんがえし,どくどくのキバ,かみくだく,あなをほる
0,262,グラエナ,ふいうち,かみつく,かみなりのキバ,こおりのキバ,ほのおのキバ
1,262,グラエナ,やつあたり,おんがえし,どくどくのキバ,かみくだく,じゃれつく
0,263,ジグザグマ,すなかけ,たいあたり,いわくだき
1,263,ジグザグマ,１０まんボルト,くさむすび,あなをほる
0,263-1,ジグザグマ(ガラルのすがた),たいあたり,とっしん
1,263-1,ジグザグマ(ガラルのすがた),やつあたり,おんがえし,のしかかり,スピードスター,あなをほる
0,264,マッスグマ,すなかけ,たいあたり,シャドークロー
1,264,マッスグマ,スピードスター,くさむすび,あなをほる,かみなり
0,264-1,マッスグマ(ガラルのすがた),したでなめる,バークアウト
1,264-1,マッスグマ(ガラルのすがた),やつあたり,おんがえし,のしかかり,あなをほる,ダストシュート
0,265,ケムッソ,たいあたり,むしくい
1,265,ケムッソ,わるあがき
0,266,カラサリス,どくばり,むしくい
1,266,カラサリス,わるあがき
0,267,アゲハント,まとわりつく,むしのていこう
1,267,アゲハント,ぎんいろのかぜ,エアカッター,むしのさざめき
0,268,マユルド,どくばり,むしくい
1,268,マユルド,わるあがき
0,269,ドクケイル,むしのていこう,ねんりき
1,269,ドクケイル,ぎんいろのかぜ,ヘドロばくだん,むしのさざめき
0,270,ハスボー,みずでっぽう,はっぱカッター
1,270,ハスボー,バブルこうせん,ねっとう,エナジーボール
0,271,ハスブレロ,あわ,はっぱカッター
1,271,ハスブレロ,バブルこうせん,ねっとう,くさむすび,れいとうビーム
0,272,ルンパッパ,おどろかす,あわ,はっぱカッター
1,272,ルンパッパ,ウェザーボール(みず),ねっとう,エナジーボール,れいとうビーム,リーフストーム,ふぶき,ハイドロポンプ,ソーラービーム
0,273,タネボー,タネマシンガン,でんこうせっか
1,273,タネボー,やつあたり,おんがえし,イカサマ,エナジーボール,くさむすび
0,274,コノハナ,だましうち,はっぱカッター
1,274,コノハナ,やつあたり,おんがえし,リーフブレード,イカサマ,くさむすび
0,275,ダーテング,バークアウト,だましうち,はっぱカッター,タネマシンガン
1,275,ダーテング,やつあたり,おんがえし,グラスミキサー,リーフブレード,イカサマ,ぼうふう
0,276,スバメ,でんこうせっか,つつく
1,276,スバメ,やつあたり,おんがえし,つばめがえし
0,277,オオスバメ,つばさでうつ,はがねのつばさ
1,277,オオスバメ,やつあたり,おんがえし,つばめがえし,ゴッドバード,ブレイブバード
0,278,キャモメ,みずでっぽう,でんこうせっか
1,278,キャモメ,エアカッター,みずのはどう,れいとうビーム
0,279,ペリッパー,みずでっぽう,つばさでうつ
1,279,ペリッパー,ウェザーボール(みず),ぼうふう,ふぶき,ハイドロポンプ
0,280,ラルトス,チャージビーム,ねんりき
1,280,ラルトス,やつあたり,おんがえし,かげうち,サイコショック,チャームボイス
0,281,キルリア,チャージビーム,マジカルリーフ,ねんりき
1,281,キルリア,やつあたり,おんがえし,かげうち,トリプルアクセル,チャームボイス,ドレインキッス,サイコキネシス
0,282,サーナイト,チャージビーム,マジカルリーフ,ねんりき,あまえる
1,282,サーナイト,やつあたり,おんがえし,トリプルアクセル,サイコキネシス,マジカルシャイン,シャドーボール,シンクロノイズ
0,282-1,メガサーナイト,チャージビーム,マジカルリーフ,ねんりき,あまえる
1,282-1,メガサーナイト,おんがえし,トリプルアクセル,サイコキネシス,シャドーボール,マジカルシャイン,シンクロノイズ
0,283,アメタマ,むしくい,あわ
1,283,アメタマ,バブルこうせん,アクアジェット,シグナルビーム
0,284,アメモース,まとわりつく,エアスラッシュ
1,284,アメモース,バブルこうせん,とびかかる,あやしいかぜ,ぎんいろのかぜ,エアカッター
0,285,キノココ,たいあたり,タネマシンガン
1,285,キノココ,タネばくだん,くさむすび,エナジーボール
0,286,キノガッサ,タネマシンガン,はっけい,カウンター
1,286,キノガッサ,タネばくだん,ばくれつパンチ,ヘドロばくだん,くさむすび
0,287,ナマケロ,あくび
1,287,ナマケロ,やつあたり,おんがえし,かわらわり,つじぎり,のしかかり
0,288,ヤルキモノ,ひっかく,カウンター
1,288,ヤルキモノ,やつあたり,おんがえし,かわらわり,のしかかり,いわなだれ,じならし
0,289,ケッキング,あくび
1,289,ケッキング,やつあたり,おんがえし,じゃれつく,じしん,はかいこうせん,のしかかり
0,290,ツチニン,むしくい,ひっかく
1,290,ツチニン,つじぎり,つばめがえし,むしのさざめき
0,291,テッカニン,れんぞくぎり,メタルクロー
1,291,テッカニン,つばめがえし,むしのさざめき,シャドーボール
0,292,ヌケニン,むしくい,シャドークロー,かみつく,むしのていこう
1,292,ヌケニン,かげうち,つばめがえし,あなをほる
0,293,ゴニョニョ,はたく,おどろかす
1,293,ゴニョニョ,やつあたり,おんがえし,チャームボイス,ふみつけ,かえんほうしゃ
0,294,ドゴーム,かみつく,いわくだき
1,294,ドゴーム,やつあたり,おんがえし,チャームボイス,ふみつけ,かえんほうしゃ
0,295,バクオング,かみつく,おどろかす
1,295,バクオング,やつあたり,おんがえし,かみくだく,チャームボイス,だいもんじ,ばくおんぱ
0,296,マクノシタ,たいあたり,いわくだき
1,296,マクノシタ,やつあたり,おんがえし,ローキック,はやてがえし,クロスチョップ,ヘビーボンバー
0,297,ハリテヤマ,はっけい,バレットパンチ,カウンター
1,297,ハリテヤマ,やつあたり,おんがえし,はやてがえし,ヘビーボンバー,ばくれつパンチ,ばかぢから,インファイト
0,298,ルリリ,はねる,あわ
1,298,ルリリ,バブルこうせん,のしかかり,れいとうビーム
0,299,ノズパス,スパーク,いわおとし
1,299,ノズパス,やつあたり,おんがえし,ロックブラスト,いわなだれ,１０まんボルト
0,300,エネコ,たいあたり,だましうち
1,300,エネコ,チャームボイス,ワイルドボルト,あなをほる
0,301,エネコロロ,だましうち,しねんのずつき,あまえる
1,301,エネコロロ,チャームボイス,ワイルドボルト,じゃれつく
0,302,ヤミラミ,シャドークロー,だましうち
1,302,ヤミラミ,やつあたり,おんがえし,ドレインパンチ,かげうち,イカサマ,パワージェム,マジカルシャイン
0,302-1,メガヤミラミ,シャドークロー,だましうち
1,302-1,メガヤミラミ,おんがえし,かげうち,ドレインパンチ,イカサマ,パワージェム
0,303,クチート,かみつく,おどろかす,ようせいのかぜ,こおりのキバ,ほのおのキバ
1,303,クチート,やつあたり,おんがえし,はさむ,グロウパンチ,アイアンヘッド,じゃれつく
0,303-1,メガクチート,かみつく,おどろかす,ようせいのかぜ,こおりのキバ,ほのおのキバ
1,303-1,メガクチート,おんがえし,はさむ,グロウパンチ,アイアンヘッド,じゃれつく
0,304,ココドラ,きんぞくおん,たいあたり,メタルクロー
1,304,ココドラ,やつあたり,おんがえし,のしかかり,アイアンヘッド,がんせきふうじ
0,305,コドラ,きんぞくおん,メタルクロー,アイアンテール
1,305,コドラ,やつあたり,おんがえし,のしかかり,がんせきふうじ,ヘビーボンバー,いわなだれ
0,306,ボスゴドラ,きんぞくおん,うちおとす,ドラゴンテール,アイアンテール
1,306,ボスゴドラ,やつあたり,おんがえし,がんせきふうじ,ヘビーボンバー,かみなり,ストーンエッジ,メテオビーム
0,306-1,メガボスゴドラ,うちおとす,アイアンテール,ドラゴンテール
1,306-1,メガボスゴドラ,おんがえし,がんせきふうじ,ヘビーボンバー,かみなり,ストーンエッジ,メテオビーム
0,307,アサナン,いわくだき,ねんりき
1,307,アサナン,ローキック,れいとうパンチ,サイコショック
0,308,チャーレム,サイコカッター,カウンター
1,308,チャーレム,グロウパンチ,れいとうパンチ,ばくれつパンチ,サイコキネシス
0,308-1,メガチャーレム,サイコカッター,カウンター
1,308-1,メガチャーレム,グロウパンチ,れいとうパンチ,ばくれつパンチ,サイコキネシス
0,309,ラクライ,スパーク,でんこうせっか
1,309,ラクライ,やつあたり,おんがえし,ほうでん,スピードスター,１０まんボルト
0,310,ライボルト,チャージビーム,かみなりのキバ,バークアウト
1,310,ライボルト,やつあたり,おんがえし,サイコファング,はじけるほのお,ワイルドボルト,かみなり,オーバーヒート
0,310-1,メガライボルト,チャージビーム,かみなりのキバ,バークアウト
1,310-1,メガライボルト,おんがえし,サイコファング,はじけるほのお,ワイルドボルト,かみなり,オーバーヒート
0,311,プラスル,スパーク,でんこうせっか
1,311,プラスル,ほうでん,スピードスター,１０まんボルト,くさむすび
0,312,マイナン,スパーク,でんこうせっか
1,312,マイナン,ほうでん,スピードスター,１０まんボルト,くさむすび
0,313,バルビート,たいあたり,むしのていこう
1,313,バルビート,シグナルビーム,１０まんボルト,むしのさざめき
0,314,イルミーゼ,たいあたり,むしのていこう
1,314,イルミーゼ,ぎんいろのかぜ,むしのさざめき,マジカルシャイン
0,315,ロゼリア,どくづき,はっぱカッター,マジカルリーフ
1,315,ロゼリア,ヘドロばくだん,マジカルシャイン,はなふぶき
0,316,ゴクリン,はたく,いわくだき
1,316,ゴクリン,ヘドロこうげき,れいとうビーム,ダストシュート
0,317,マルノーム,マッドショット,まとわりつく,いわくだき
1,317,マルノーム,アシッドボム,ヘドロこうげき,ヘドロばくだん,れいとうビーム,ダストシュート
0,318,キバニア,かみつく,バークアウト
1,318,キバニア,やつあたり,おんがえし,どくどくのキバ,アクアジェット,かみくだく
0,319,サメハダー,かみつく,たきのぼり
1,319,サメハダー,やつあたり,おんがえし,どくどくのキバ,かみくだく,ハイドロポンプ
0,319-1,メガサメハダー,かみつく,たきのぼり
1,319-1,メガサメハダー,おんがえし,どくどくのキバ,かみくだく,ハイドロポンプ
0,320,ホエルコ,はねる,みずでっぽう,ころがる
1,320,ホエルコ,やつあたり,おんがえし,のしかかり,みずのはどう,ヘビーボンバー,ねっとう
0,321,ホエルオー,みずでっぽう,しねんのずつき,ころがる
1,321,ホエルオー,やつあたり,おんがえし,なみのり,ねっとう,ふぶき,はかいこうせん
0,322,ドンメル,たいあたり,ひのこ
1,322,ドンメル,やつあたり,おんがえし,ふみつけ,じならし,ねっぷう
0,323,バクーダ,ひのこ,いわくだき,やきつくす
1,323,バクーダ,やつあたり,おんがえし,がんせきふうじ,ねっさのだいち,だいちのちから,じしん,オーバーヒート,ソーラービーム
0,323-1,メガバクーダ,ひのこ,いわくだき,やきつくす
1,323-1,メガバクーダ,おんがえし,がんせきふうじ,ねっさのだいち,だいちのちから,じしん,オーバーヒート,ソーラービーム
0,324,コータス,ひのこ,ほのおのうず
1,324,コータス,かえんぐるま,じしん,オーバーヒート,ソーラービーム
0,325,バネブー,はねる,しねんのずつき
1,325,バネブー,やつあたり,おんがえし,ミラーコート,サイケこうせん,シャドーボール
0,326,ブーピッグ,サイコウェーブ,チャージビーム,じんつうりき
1,326,ブーピッグ,やつあたり,おんがえし,ミラーコート,ばくれつパンチ,サイコキネシス,シャドーボール
0,327,パッチール,サイコカッター,ふいうち
1,327,パッチール,こごえるかぜ,がんせきふうじ,あなをほる
0,328,ナックラー,すなかけ,マッドショット,むしのていこう
1,328,ナックラー,やつあたり,おんがえし,すなじごく,かみくだく,ねっさのだいち,あなをほる
0,329,ビブラーバ,すなかけ,マッドショット,りゅうのいぶき
1,329,ビブラーバ,やつあたり,おんがえし,すなじごく,じならし,ねっさのだいち,むしのさざめき
0,330,フライゴン,すなかけ,マッドショット,ドラゴンテール
1,330,フライゴン,やつあたり,おんがえし,ドラゴンクロー,たつまき,すなじごく,ねっさのだいち,ストーンエッジ,じしん,ばくおんぱ,だいちのちから
0,331,サボネア,すなかけ,どくばり,ふいうち
1,331,サボネア,やつあたり,おんがえし,かわらわり,タネばくだん,くさわけ,くさむすび,しっぺがえし
0,332,ノクタス,すなかけ,ふいうち,どくづき
1,332,ノクタス,やつあたり,おんがえし,くさわけ,あくのはどう,ばくれつパンチ,くさむすび,しっぺがえし
0,333,チルット,おどろかす,つつく
1,333,チルット,やつあたり,おんがえし,つばめがえし,チャームボイス,れいとうビーム
0,334,チルタリス,りゅうのいぶき,つつく
1,334,チルタリス,やつあたり,おんがえし,かえんほうしゃ,ゴッドバード,りゅうのはどう,マジカルシャイン,ムーンフォース
0,334-1,メガチルタリス,りゅうのいぶき,つつく
1,334-1,メガチルタリス,かえんほうしゃ,ゴッドバード,りゅうのはどう,マジカルシャイン,ムーンフォース
0,335,ザングース,れんぞくぎり,シャドークロー
1,335,ザングース,つじぎり,あなをほる,インファイト
0,336,ハブネーク,どくづき,アイアンテール
1,336,ハブネーク,どくどくのキバ,まきつく,かみくだく
0,337,ルナトーン,サイコウェーブ,いわおとし,ねんりき
1,337,ルナトーン,ウェザーボール(こおり),いわなだれ,サイコキネシス,ムーンフォース
0,338,ソルロック,サイコウェーブ,いわおとし,ねんりき
1,338,ソルロック,ウェザーボール(ほのお),いわなだれ,サイコキネシス,ソーラービーム
0,339,ドジョッチ,マッドショット,みずでっぽう
1,339,ドジョッチ,やつあたり,おんがえし,アクアテール,どろばくだん,ねっとう,れいとうビーム
0,340,ナマズン,マッドショット,みずでっぽう
1,340,ナマズン,やつあたり,おんがえし,どろばくだん,みずのはどう,ねっとう,ふぶき
0,341,ヘイガニ,あわ,いわくだき
1,341,ヘイガニ,やつあたり,おんがえし,はさむ,バブルこうせん,アクアジェット,シェルブレード,ねっとう
0,342,シザリガー,バークアウト,たきのぼり
1,342,シザリガー,やつあたり,おんがえし,はさむ,バブルこうせん,つじぎり,シェルブレード,ねっとう,クラブハンマー
0,343,ヤジロン,じんつうりき,ねんりき
1,343,ヤジロン,やつあたり,おんがえし,サイケこうせん,ジャイロボール,あなをほる
0,344,ネンドール,じんつうりき,どろかけ,ねんりき
1,344,ネンドール,やつあたり,おんがえし,がんせきふうじ,ジャイロボール,ねっさのだいち,サイコキネシス,れいとうビーム,だいちのちから,シャドーボール,じしん
0,345,リリーラ,タネマシンガン,まとわりつく,ようかいえき
1,345,リリーラ,やつあたり,おんがえし,げんしのちから,ミラーコート,くさむすび
0,346,ユレイドル,タネマシンガン,まとわりつく,ようかいえき
1,346,ユレイドル,やつあたり,おんがえし,がんせきふうじ,いわなだれ,じならし,くさむすび,ストーンエッジ
0,347,アノプス,ひっかく,むしのていこう
1,347,アノプス,やつあたり,おんがえし,クロスポイズン,アクアジェット,げんしのちから
0,348,アーマルド,れんぞくぎり,むしのていこう
1,348,アーマルド,やつあたり,おんがえし,クロスポイズン,ロックブラスト,アクアブレイク,みずのはどう
0,349,ヒンバス,はねる,たいあたり
1,349,ヒンバス,やつあたり,おんがえし,ミラーコート
0,350,ミロカロス,たきのぼり,ドラゴンテール
1,350,ミロカロス,やつあたり,おんがえし,アクアテール,まきつく,なみのり,ふぶき,はかいこうせん
0,351,ポワルン,たいあたり,たたりめ
1,351,ポワルン,ウェザーボール,ウェザーボール(いわ),エナジーボール,ぼうふう
0,351-1,ポワルン(たいようのすがた),たいあたり,ひのこ
1,351-1,ポワルン(たいようのすがた),ウェザーボール(ほのお),だいもんじ,ソーラービーム
0,351-2,ポワルン(あまみずのすがた),みずでっぽう,たいあたり
1,351-2,ポワルン(あまみずのすがた),ウェザーボール(みず),かみなり,ハイドロポンプ
0,351-3,ポワルン(ゆきぐものすがた),たいあたり,こなゆき
1,351-3,ポワルン(ゆきぐものすがた),ウェザーボール(こおり),れいとうビーム,ふぶき
0,352,カクレオン,ふいうち,したでなめる
1,352,カクレオン,かげうち,つばめがえし,かえんほうしゃ,イカサマ,れいとうビーム,かみなり,かみなりパンチ,ばくれつパンチ
0,353,カゲボウズ,おどろかす,だましうち
1,353,カゲボウズ,やつあたり,おんがえし,かげうち,あやしいかぜ,ナイトヘッド
0,354,ジュペッタ,シャドークロー,たたりめ
1,354,ジュペッタ,やつあたり,おんがえし,シャドーボール,マジカルシャイン,かみなり
0,354-1,メガジュペッタ,シャドークロー,たたりめ
1,354-1,メガジュペッタ,おんがえし,シャドーボール,マジカルシャイン,かみなり
0,355,ヨマワル,おどろかす,たたりめ
1,355,ヨマワル,やつあたり,おんがえし,かげうち,あやしいかぜ,ナイトヘッド
0,356,サマヨール,たたりめ,だましうち
1,356,サマヨール,やつあたり,おんがえし,シャドーパンチ,ほのおのパンチ,れいとうパンチ,ポルターガイスト
0,357,トロピウス,エアスラッシュ,はっぱカッター
1,357,トロピウス,つばめがえし,ぶんまわす,リーフブレード,ふみつけ
0,358,チリーン,おどろかす,じんつうりき
1,358,チリーン,サイコショック,エナジーボール,シャドーボール
0,359,アブソル,サイコカッター,バークアウト
1,359,アブソル,やつあたり,おんがえし,あくのはどう,しっぺがえし,かみなり,メガホーン,ぶんまわす
0,359-1,メガアブソル,サイコカッター,バークアウト
1,359-1,メガアブソル,おんがえし,あくのはどう,しっぺがえし,かみなり,メガホーン,ぶんまわす
0,360,ソーナノ,はねる,カウンター
1,360,ソーナノ,ミラーコート
0,361,ユキワラシ,こなゆき,たたりめ
1,361,ユキワラシ,やつあたり,おんがえし,こごえるかぜ,ゆきなだれ,シャドーボール
0,362,オニゴーリ,こなゆき,こおりのつぶて,こおりのいぶき,ころがる
1,362,オニゴーリ,やつあたり,おんがえし,ゆきなだれ,ジャイロボール,シャドーボール
0,362-1,メガオニゴーリ,こおりのつぶて,こおりのいぶき
1,362-1,メガオニゴーリ,おんがえし,ジャイロボール,ゆきなだれ,シャドーボール
0,363,タマザラシ,みずでっぽう,いわくだき
1,363,タマザラシ,やつあたり,おんがえし,のしかかり,みずのはどう,オーロラビーム
0,364,トドグラー,みずでっぽう,こなゆき
1,364,トドグラー,やつあたり,おんがえし,のしかかり,なみのり,みずのはどう,オーロラビーム
0,365,トドゼルガ,こおりのいぶき,たきのぼり,こなゆき
1,365,トドゼルガ,やつあたり,おんがえし,みずのはどう,ふぶき,じしん,つららばり
0,366,パールル,みずでっぽう
1,366,パールル,のしかかり,みずのはどう,れいとうビーム
0,367,ハンテール,みずでっぽう,かみつく
1,367,ハンテール,アクアテール,かみくだく,れいとうビーム
0,368,サクラビス,みずでっぽう,ねんりき
1,368,サクラビス,ドレインキッス,みずのはどう,サイコキネシス
0,369,ジーランス,みずでっぽう,しねんのずつき
1,369,ジーランス,アクアテール,げんしのちから,ハイドロポンプ
0,370,ラブカス,はねる,みずでっぽう
1,370,ラブカス,アクアジェット,ドレインキッス,みずのはどう
0,371,タツベイ,かみつく,ひのこ
1,371,タツベイ,やつあたり,おんがえし,たつまき,かみくだく,かえんほうしゃ
0,372,コモルー,りゅうのいぶき,ひのこ
1,372,コモルー,やつあたり,おんがえし,たつまき,かみくだく,かえんほうしゃ,りゅうのはどう
0,373,ボーマンダ,かみつく,ほのおのキバ,ドラゴンテール
1,373,ボーマンダ,やつあたり,おんがえし,ぶんまわす,かみくだく,そらをとぶ,ハイドロポンプ,だいもんじ,りゅうせいぐん,げきりん
0,373-1,メガボーマンダ,かみつく,ほのおのキバ,ドラゴンテール
1,373-1,メガボーマンダ,おんがえし,ぶんまわす,ハイドロポンプ,だいもんじ,りゅうせいぐん,げきりん
0,374,ダンバル,とっしん
1,374,ダンバル,やつあたり,おんがえし,アイアンヘッド,わるあがき
0,375,メタング,れんぞくぎり,メタルクロー,しねんのずつき
1,375,メタング,やつあたり,おんがえし,サイコショック,ジャイロボール,サイコキネシス
0,376,メタグロス,れんぞくぎり,バレットパンチ,しねんのずつき,シャドークロー
1,376,メタグロス,やつあたり,おんがえし,サイコキネシス,ラスターカノン,じしん,コメットパンチ
0,376-1,メガメタグロス,れんぞくぎり,バレットパンチ,しねんのずつき,シャドークロー
1,376-1,メガメタグロス,おんがえし,サイコキネシス,ラスターカノン,じしん,コメットパンチ
0,377,レジロック,ロックオン,いわおとし,いわくだき
1,377,レジロック,やつあたり,おんがえし,ストーンエッジ,きあいだま,でんじほう,じしん
0,378,レジアイス,ロックオン,こおりのいぶき,いわくだき
1,378,レジアイス,やつあたり,おんがえし,ふぶき,じしん,きあいだま,かみなり
0,379,レジスチル,ロックオン,メタルクロー,いわくだき
1,379,レジスチル,やつあたり,おんがえし,ラスターカノン,きあいだま,はかいこうせん,でんじほう
0,380,ラティアス,りゅうのいぶき,しねんのずつき,あまえる
1,380,ラティアス,やつあたり,おんがえし,サイコキネシス,はどうだん,げきりん,かみなり,ミストボール
0,380-1,メガラティアス,りゅうのいぶき,しねんのずつき,あまえる
1,380-1,メガラティアス,おんがえし,サイコキネシス,はどうだん,げきりん,かみなり,ミストボール
0,381,ラティオス,りゅうのいぶき,しねんのずつき
1,381,ラティオス,やつあたり,おんがえし,ドラゴンクロー,サイコキネシス,はどうだん,ソーラービーム,ラスターパージ
0,381-1,メガラティオス,りゅうのいぶき,しねんのずつき
1,381-1,メガラティオス,おんがえし,ドラゴンクロー,サイコキネシス,はどうだん,ソーラービーム,ラスターパージ
0,382,カイオーガ,たきのぼり
1,382,カイオーガ,やつあたり,おんがえし,なみのり,ゆきなだれ,かみなり,ふぶき,ハイドロポンプ,こんげんのはどう
0,382-1,ゲンシカイオーガ,たきのぼり
1,382-1,ゲンシカイオーガ,おんがえし,なみのり,かみなり,ふぶき,ハイドロポンプ,こんげんのはどう
0,383,グラードン,マッドショット,ドラゴンテール
1,383,グラードン,やつあたり,おんがえし,だいもんじ,じしん,ソーラービーム,ほのおのパンチ,だんがいのつるぎ
0,383-1,ゲンシグラードン,マッドショット,ドラゴンテール
1,383-1,ゲンシグラードン,おんがえし,じしん,だいもんじ,ソーラービーム,ほのおのパンチ,だんがいのつるぎ
0,384,レックウザ,エアスラッシュ,ドラゴンテール
1,384,レックウザ,つばめがえし,げんしのちから,げきりん,ワイドブレイカー,ガリョウテンセイ,ぼうふう
0,384-1,メガレックウザ,エアスラッシュ,ドラゴンテール
1,384-1,メガレックウザ,つばめがえし,げんしのちから,げきりん,ワイドブレイカー,ガリョウテンセイ,ぼうふう
0,385,ジラーチ,チャージビーム,ねんりき
1,385,ジラーチ,はめつのねがい,サイコキネシス,マジカルシャイン,はどうだん
0,386,デオキシス,チャージビーム,しねんのずつき
1,386,デオキシス,サイコブースト,１０まんボルト,はかいこうせん
0,386-1,デオキシス(アタックフォルム),しねんのずつき,どくづき
1,386-1,デオキシス(アタックフォルム),サイコブースト,あくのはどう,でんじほう
0,386-2,デオキシス(ディフェンスフォルム),しねんのずつき,カウンター
1,386-2,デオキシス(ディフェンスフォルム),サイコブースト,いわなだれ,１０まんボルト
0,386-3,デオキシス(スピードフォルム),チャージビーム,しねんのずつき
1,386-3,デオキシス(スピードフォルム),スピードスター,サイコブースト,１０まんボルト
0,387,ナエトル,たいあたり,はっぱカッター
1,387,ナエトル,やつあたり,おんがえし,のしかかり,タネばくだん,エナジーボール
0,388,ハヤシガメ,かみつく,はっぱカッター
1,388,ハヤシガメ,やつあたり,おんがえし,のしかかり,エナジーボール,ソーラービーム
0,389,ドダイトス,かみつく,はっぱカッター,どろかけ
1,389,ドダイトス,やつあたり,おんがえし,すなじごく,ストーンエッジ,じしん,ソーラービーム,ハードプラント
0,390,ヒコザル,ひっかく,ひのこ
1,390,ヒコザル,やつあたり,おんがえし,ニトロチャージ,かえんぐるま,かえんほうしゃ
0,391,モウカザル,ひのこ,いわくだき
1,391,モウカザル,やつあたり,おんがえし,ローキック,かえんぐるま,かえんほうしゃ
0,392,ゴウカザル,ほのおのうず,いわくだき
1,392,ゴウカザル,やつあたり,おんがえし,かえんほうしゃ,インファイト,ソーラービーム,ブラストバーン
0,393,ポッチャマ,はたく,あわ
1,393,ポッチャマ,やつあたり,おんがえし,バブルこうせん,こごえるかぜ,ドリルくちばし
0,394,ポッタイシ,メタルクロー,あわ
1,394,ポッタイシ,やつあたり,おんがえし,バブルこうせん,こごえるかぜ,ハイドロポンプ
0,395,エンペルト,きんぞくおん,メタルクロー,たきのぼり,はがねのつばさ
1,395,エンペルト,やつあたり,おんがえし,ドリルくちばし,ラスターカノン,ふぶき,ハイドロポンプ,ハイドロカノン
0,396,ムックル,すなかけ,たいあたり,でんこうせっか
1,396,ムックル,やつあたり,おんがえし,つばめがえし,そらをとぶ,ブレイブバード
0,397,ムクバード,すなかけ,でんこうせっか,つばさでうつ
1,397,ムクバード,やつあたり,おんがえし,つばめがえし,そらをとぶ,ねっぷう,ブレイブバード
0,398,ムクホーク,すなかけ,でんこうせっか,つばさでうつ,かぜおこし
1,398,ムクホーク,やつあたり,おんがえし,そらをとぶ,ねっぷう,インファイト,ブレイブバード
0,399,ビッパ,たいあたり,とっしん
1,399,ビッパ,やつあたり,おんがえし,かみくだく,ひっさつまえば,くさむすび,１０まんボルト,ばかぢから,れいとうビーム,シャドーボール
0,400,ビーダル,みずでっぽう,とっしん,ころがる
1,400,ビーダル,やつあたり,おんがえし,なみのり,ひっさつまえば,はかいこうせん
0,401,コロボーシ,むしくい,むしのていこう
1,401,コロボーシ,わるあがき
0,402,コロトック,れんぞくぎり,むしのていこう
1,402,コロトック,シザークロス,つばめがえし,むしのさざめき
0,403,コリンク,スパーク,たいあたり
1,403,コリンク,やつあたり,おんがえし,ほうでん,スピードスター,１０まんボルト
0,404,ルクシオ,スパーク,かみつく
1,404,ルクシオ,やつあたり,おんがえし,かみくだく,１０まんボルト,ワイルドボルト
0,405,レントラー,スパーク,バークアウト,めざめるパワーほのお,めざめるパワーみず,めざめるパワーでんき,めざめるパワーくさ,めざめるパワーこおり,めざめるパワーかくとう,めざめるパワーどく,めざめるパワーじめん,めざめるパワーひこう,めざめるパワーエスパー,めざめるパワーむし,めざめるパワーいわ,めざめるパワーゴースト,めざめるパワードラゴン,めざめるパワーあく,めざめるパワーはがね
1,405,レントラー,やつあたり,おんがえし,かみくだく,ワイルドボルト,はかいこうせん,サイコファング
0,406,スボミー,はっぱカッター,めざめるパワーほのお,めざめるパワーみず,めざめるパワーでんき,めざめるパワーくさ,めざめるパワーこおり,めざめるパワーかくとう,めざめるパワーどく,めざめるパワーじめん,めざめるパワーひこう,めざめるパワーエスパー,めざめるパワーむし,めざめるパワーいわ,めざめるパワーゴースト,めざめるパワードラゴン,めざめるパワーあく,めざめるパワーはがね
1,406,スボミー,エナジーボール,くさむすび
0,407,ロズレイド,どくばり,はっぱカッター,どくづき,マジカルリーフ,タネマシンガン
1,407,ロズレイド,ヘドロばくだん,くさむすび,マジカルシャイン,リーフストーム,ソーラービーム,ウェザーボール(ほのお)
0,408,ズガイドス,とっしん,しねんのずつき
1,408,ズガイドス,やつあたり,おんがえし,げんしのちから,がんせきふうじ,じならし
0,409,ラムパルド,しねんのずつき,うちおとす
1,409,ラムパルド,やつあたり,おんがえし,かえんほうしゃ,いわなだれ,げきりん
0,410,タテトプス,たいあたり,アイアンテール
1,410,タテトプス,やつあたり,おんがえし,げんしのちから,がんせきふうじ,ヘビーボンバー
0,411,トリデプス,うちおとす,アイアンテール
1,411,トリデプス,やつあたり,おんがえし,かえんほうしゃ,ラスターカノン,ストーンエッジ
0,412,ミノムッチ,たいあたり,でんこうせっか
1,412,ミノムッチ,わるあがき
0,413,ミノマダム(くさきのミノ),むしくい,ねんりき
1,413,ミノマダム(くさきのミノ),サイケこうせん,エナジーボール,むしのさざめき
0,413-1,ミノマダム(すなちのミノ),むしくい,ふいうち,ねんりき
1,413-1,ミノマダム(すなちのミノ),サイケこうせん,じならし,むしのさざめき
0,413-2,ミノマダム(ゴミのミノ),きんぞくおん,ふいうち,むしくい,ねんりき
1,413-2,ミノマダム(ゴミのミノ),アイアンヘッド,サイケこうせん,むしのさざめき
0,414,ガーメイル,むしくい,エアスラッシュ
1,414,ガーメイル,つばめがえし,サイケこうせん,むしのさざめき
0,415,ミツハニー,むしくい
1,415,ミツハニー,むしのさざめき
0,416,ビークイン,れんぞくぎり,どくばり,むしくい,エアスラッシュ
1,416,ビークイン,シザークロス,とどめばり,シグナルビーム,パワージェム,むしのさざめき
0,417,パチリス,スパーク,ボルトチェンジ
1,417,パチリス,かみなりパンチ,１０まんボルト,ひっさつまえば,かみなり
0,418,ブイゼル,みずでっぽう,でんこうせっか
1,418,ブイゼル,アクアジェット,みずのはどう,スピードスター
0,419,フローゼル,みずでっぽう,たきのぼり
1,419,フローゼル,アクアジェット,アクアブレイク,スピードスター,ハイドロポンプ
0,420,チェリンボ,たいあたり,タネマシンガン
1,420,チェリンボ,タネばくだん,パワーウィップ,はなふぶき
0,421,チェリム,タネマシンガン,はっぱカッター
1,421,チェリム,マジカルシャイン,はかいこうせん,ソーラービーム
0,421-1,チェリム(ポジフォルム),タネマシンガン,はっぱカッター
1,421-1,チェリム(ポジフォルム),ウェザーボール(ほのお),マジカルシャイン,はかいこうせん,ソーラービーム
0,422,カラナクシ,どろかけ,めざめるパワーほのお,めざめるパワーみず,めざめるパワーでんき,めざめるパワーくさ,めざめるパワーこおり,めざめるパワーかくとう,めざめるパワーどく,めざめるパワーじめん,めざめるパワーひこう,めざめるパワーエスパー,めざめるパワーむし,めざめるパワーいわ,めざめるパワーゴースト,めざめるパワードラゴン,めざめるパワーあく,めざめるパワーはがね
1,422,カラナクシ,のしかかり,どろばくだん,みずのはどう
0,423,トリトドン,どろかけ,めざめるパワーほのお,めざめるパワーみず,めざめるパワーでんき,めざめるパワーくさ,めざめるパワーこおり,めざめるパワーかくとう,めざめるパワーどく,めざめるパワーじめん,めざめるパワーひこう,めざめるパワーエスパー,めざめるパワーむし,めざめるパワーいわ,めざめるパワーゴースト,めざめるパワードラゴン,めざめるパワーあく,めざめるパワーはがね
1,423,トリトドン,のしかかり,みずのはどう,だいちのちから,じしん
0,424,エテボース,ひっかく,おどろかす
1,424,エテボース,やつあたり,おんがえし,ローキック,つばめがえし,はかいこうせん
0,425,フワンテ,おどろかす,たたりめ
1,425,フワンテ,やつあたり,おんがえし,あやしいかぜ,こごえるかぜ,シャドーボール
0,426,フワライド,おどろかす,たたりめ
1,426,フワライド,やつあたり,おんがえし,あやしいかぜ,マジカルフレイム,こごえるかぜ,シャドーボール
0,427,ミミロル,はたく,でんこうせっか
1,427,ミミロル,ほのおのパンチ,スピードスター
0,428,ミミロップ,けたぐり,はたく,にどげり
1,428,ミミロップ,かみなりパンチ,ほのおのパンチ,トリプルアクセル,シャドーボール,きあいだま,はかいこうせん
0,428-1,メガミミロップ,けたぐり,はたく,にどげり
1,428-1,メガミミロップ,かみなりパンチ,ほのおのパンチ,トリプルアクセル,シャドーボール,きあいだま,はかいこうせん
0,429,ムウマージ,サイコウェーブ,ふいうち,たたりめ,マジカルリーフ
1,429,ムウマージ,やつあたり,おんがえし,あくのはどう,シャドーボール,マジカルシャイン
0,430,ドンカラス,つつく,バークアウト
1,430,ドンカラス,やつあたり,おんがえし,ゴッドバード,あくのはどう,サイコキネシス,ブレイブバード
0,431,ニャルマー,ひっかく,でんこうせっか
1,431,ニャルマー,やつあたり,おんがえし,つばめがえし,１０まんボルト,じゃれつく
0,432,ブニャット,ひっかく,シャドークロー
1,432,ブニャット,やつあたり,おんがえし,つばめがえし,じゃれつく,かみなり
0,433,リーシャン,しねんのずつき
1,433,リーシャン,まきつく,サイコショック,シャドーボール
0,434,スカンプー,かみつく,ひっかく
1,434,スカンプー,やつあたり,おんがえし,かみくだく,かえんほうしゃ,くさわけ,ヘドロばくだん
0,435,スカタンク,かみつく,どくづき
1,435,スカタンク,やつあたり,おんがえし,かみくだく,かえんほうしゃ,くさわけ,ヘドロばくだん
0,436,ドーミラー,たいあたり,ねんりき
1,436,ドーミラー,サイコショック,ヘビーボンバー,ジャイロボール,しっぺがえし
0,437,ドータクン,きんぞくおん,だましうち,ねんりき
1,437,ドータクン,ウェザーボール(みず),サイコショック,ヘビーボンバー,じならし,サイコキネシス,しっぺがえし,ラスターカノン
0,438,ウソハチ,カウンター,いわおとし
1,438,ウソハチ,がんせきふうじ,いわなだれ,じしん
0,439,マネネ,はたく,ねんりき
1,439,マネネ,サイコショック,サイケこうせん,サイコキネシス
0,440,ピンプク,はたく,しねんのずつき
1,440,ピンプク,サイコキネシス
0,441,ペラップ,つつく,はがねのつばさ
1,441,ペラップ,ナイトヘッド,ゴッドバード,ねっぷう
0,442,ミカルゲ,ふいうち,だましうち
1,442,ミカルゲ,かげうち,あやしいかぜ,がんせきふうじ,シャドーボール
0,443,フカマル,マッドショット,とっしん
1,443,フカマル,やつあたり,おんがえし,たつまき,のしかかり,あなをほる
0,444,ガバイト,マッドショット
1,444,ガバイト,やつあたり,おんがえし,たつまき,かえんほうしゃ,あなをほる
0,445,ガブリアス,マッドショット,ドラゴンテール
1,445,ガブリアス,やつあたり,おんがえし,ワイドブレイカー,たつまき,すなじごく,げきりん,じしん,だいもんじ,だいちのちから
0,445-1,メガガブリアス,マッドショット,ドラゴンテール
1,445-1,メガガブリアス,おんがえし,ワイドブレイカー,たつまき,すなじごく,げきりん,じしん,だいもんじ,だいちのちから
0,446,ゴンベ,たいあたり,したでなめる
1,446,ゴンベ,のしかかり,じならし,ダストシュート
0,447,リオル,でんこうせっか,カウンター
1,447,リオル,かわらわり,ローキック,ブレイズキック,かみなりパンチ,クロスチョップ
0,448,ルカリオ,バレットパンチ,カウンター,はっけい
1,448,ルカリオ,ブレイズキック,かみなりパンチ,グロウパンチ,はどうだん,シャドーボール,コメットパンチ,ラスターカノン,インファイト
0,448-1,メガルカリオ,バレットパンチ,カウンター,はっけい
1,448-1,メガルカリオ,ブレイズキック,かみなりパンチ,グロウパンチ,はどうだん,シャドーボール,コメットパンチ,ラスターカノン,インファイト
0,449,ヒポポタス,すなかけ,たいあたり,かみつく
1,449,ヒポポタス,やつあたり,おんがえし,のしかかり,がんせきふうじ,あなをほる
0,450,カバルドン,すなかけ,かみつく,かみなりのキバ,こおりのキバ,ほのおのキバ
1,450,カバルドン,やつあたり,おんがえし,のしかかり,ウェザーボール(いわ),ねっさのだいち,だいちのちから,ストーンエッジ,じしん
0,451,スコルピ,どくばり,まとわりつく
1,451,スコルピ,やつあたり,おんがえし,クロスポイズン,アクアテール,ヘドロばくだん
0,452,ドラピオン,どくばり,かみつく,まとわりつく,こおりのキバ
1,452,ドラピオン,やつあたり,おんがえし,とどめばり,アクアテール,かみくだく,ヘドロばくだん
0,453,グレッグル,どくばり,マッドショット,どくづき
1,453,グレッグル,やつあたり,おんがえし,ローキック,かわらわり,ヘドロばくだん
0,454,ドクロッグ,どくばり,マッドショット,どくづき,カウンター
1,454,ドクロッグ,やつあたり,おんがえし,ドレインパンチ,どろばくだん,ヘドロばくだん,ばくれつパンチ,シャドーボール
0,455,マスキッパ,つるのムチ,かみつく
1,455,マスキッパ,かみくだく,エナジーボール,パワーウィップ
0,456,ケイコウオ,みずでっぽう,はたく
1,456,ケイコウオ,ぎんいろのかぜ,みずのはどう,れいとうビーム
0,457,ネオラント,みずでっぽう,たきのぼり,かぜおこし
1,457,ネオラント,アクアテール,ぎんいろのかぜ,みずのはどう,ふぶき
0,458,タマンタ,たいあたり,あわ
1,458,タマンタ,つばめがえし,みずのはどう,れいとうビーム
0,459,ユキカブリ,こなゆき,このは,こおりのつぶて
1,459,ユキカブリ,やつあたり,おんがえし,ふみつけ,エナジーボール,れいとうビーム
0,460,ユキノオー,このは,こなゆき,はっぱカッター
1,460,ユキノオー,やつあたり,おんがえし,ウェザーボール(こおり),こごえるかぜ,エナジーボール,げきりん,ふぶき
0,460-1,メガユキノオー,こなゆき,このは,はっぱカッター
1,460-1,メガユキノオー,おんがえし,ウェザーボール(こおり),エナジーボール,げきりん,ふぶき
0,461,マニューラ,こおりのつぶて,バークアウト,だましうち
1,461,マニューラ,やつあたり,おんがえし,トリプルアクセル,イカサマ,ゆきなだれ,きあいだま
0,462,ジバコイル,スパーク,きんぞくおん,チャージビーム,ボルトチェンジ
1,462,ジバコイル,やつあたり,おんがえし,ミラーショット,ワイルドボルト,ラスターカノン,でんじほう
0,463,ベロベルト,したでなめる,しねんのずつき,ころがる
1,463,ベロベルト,シャドーボール,じしん,はかいこうせん,ソーラービーム,のしかかり
0,464,ドサイドン,うちおとす,どろかけ
1,464,ドサイドン,やつあたり,おんがえし,ワイドブレイカー,なみのり,ばかぢから,ストーンエッジ,ロケットずつき,じしん,がんせきほう,ドリルライナー
0,465,モジャンボ,つるのムチ,まとわりつく
1,465,モジャンボ,やつあたり,おんがえし,げんしのちから,いわなだれ,ヘドロばくだん,パワーウィップ,ソーラービーム
0,466,エレキブル,でんきショック,けたぐり
1,466,エレキブル,やつあたり,おんがえし,かみなりパンチ,れいとうパンチ,ワイルドボルト,かみなり,かえんほうしゃ
0,467,ブーバーン,からてチョップ,ほのおのうず
1,467,ブーバーン,やつあたり,おんがえし,かわらわり,ほのおのパンチ,ねっさのだいち,サイコキネシス,だいもんじ,１０まんボルト
0,468,トゲキッス,つつく,エアスラッシュ,あまえる,めざめるパワーほのお,めざめるパワーみず,めざめるパワーでんき,めざめるパワーくさ,めざめるパワーこおり,めざめるパワーかくとう,めざめるパワーどく,めざめるパワーじめん,めざめるパワーひこう,めざめるパワーエスパー,めざめるパワーむし,めざめるパワーいわ,めざめるパワーゴースト,めざめるパワードラゴン,めざめるパワーあく,めざめるパワーはがね
1,468,トゲキッス,つばめがえし,げんしのちから,かえんほうしゃ,マジカルシャイン,サイコショック,はどうだん
0,469,メガヤンマ,むしくい,つばさでうつ
1,469,メガヤンマ,つばめがえし,げんしのちから,むしのさざめき
0,470,リーフィア,でんこうせっか,はっぱカッター,タネマシンガン
1,470,リーフィア,リーフブレード,エナジーボール,ソーラービーム,とっておき
0,471,グレイシア,こおりのつぶて,こおりのいぶき
1,471,グレイシア,こごえるかぜ,ゆきなだれ,れいとうビーム,みずのはどう,とっておき
0,472,グライオン,すなかけ,れんぞくぎり,つばさでうつ
1,472,グライオン,やつあたり,おんがえし,つじぎり,つばめがえし,すなじごく,アクロバット,じしん
0,473,マンムー,こなゆき,どろかけ
1,473,マンムー,やつあたり,おんがえし,つららばり,じならし,ゆきなだれ,ストーンエッジ,１０まんばりき,げんしのちから
0,474,ポリゴンZ,ロックオン,チャージビーム,めざめるパワーほのお,めざめるパワーみず,めざめるパワーでんき,めざめるパワーくさ,めざめるパワーこおり,めざめるパワーかくとう,めざめるパワーどく,めざめるパワーじめん,めざめるパワーひこう,めざめるパワーエスパー,めざめるパワーむし,めざめるパワーいわ,めざめるパワーゴースト,めざめるパワードラゴン,めざめるパワーあく,めざめるパワーはがね
1,474,ポリゴンZ,やつあたり,おんがえし,ふぶき,でんじほう,はかいこうせん,ソーラービーム,トライアタック
0,475,エルレイド,サイコカッター,けたぐり,ねんりき,あまえる
1,475,エルレイド,やつあたり,おんがえし,リーフブレード,サイコキネシス,インファイト,シンクロノイズ
0,475-1,メガエルレイド,サイコカッター,けたぐり,ねんりき,あまえる
1,475-1,メガエルレイド,おんがえし,リーフブレード,サイコキネシス,インファイト,シンクロノイズ
0,476,ダイノーズ,スパーク,いわおとし
1,476,ダイノーズ,やつあたり,おんがえし,マグネットボム,いわなだれ,１０まんボルト,でんじほう
0,477,ヨノワール,おどろかす,たたりめ
1,477,ヨノワール,やつあたり,おんがえし,シャドーパンチ,あやしいかぜ,あくのはどう,ばくれつパンチ,サイコキネシス,ポルターガイスト,シャドーボール
0,478,ユキメノコ,こなゆき,たたりめ
1,478,ユキメノコ,やつあたり,おんがえし,トリプルアクセル,かみくだく,ゆきなだれ,シャドーボール
0,479,ロトム,でんきショック,おどろかす
1,479,ロトム,あやしいかぜ,１０まんボルト,かみなり
0,479-1,ヒートロトム,でんきショック,おどろかす
1,479-1,ヒートロトム,１０まんボルト,かみなり,オーバーヒート
0,479-2,ウォッシュロトム,でんきショック,おどろかす
1,479-2,ウォッシュロトム,１０まんボルト,かみなり,ハイドロポンプ
0,479-3,フロストロトム,でんきショック,おどろかす
1,479-3,フロストロトム,１０まんボルト,かみなり,ふぶき
0,479-4,スピンロトム,おどろかす,エアスラッシュ
1,479-4,スピンロトム,あやしいかぜ,１０まんボルト,かみなり
0,480,ユクシー,じんつうりき,ねんりき
1,480,ユクシー,スピードスター,かみなり,みらいよち
0,481,エムリット,じんつうりき,ねんりき
1,481,エムリット,スピードスター,みらいよち,ふぶき
0,482,アグノム,じんつうりき,ねんりき
1,482,アグノム,スピードスター,みらいよち,だいもんじ
0,483,ディアルガ,りゅうのいぶき,メタルクロー
1,483,ディアルガ,やつあたり,おんがえし,アイアンヘッド,かみなり,りゅうせいぐん
0,483-1,ディアルガ(オリジンフォルム),りゅうのいぶき,メタルクロー
1,483-1,ディアルガ(オリジンフォルム),アイアンヘッド,かみなり,りゅうせいぐん,ときのほうこう
0,484,パルキア,りゅうのいぶき,ドラゴンテール
1,484,パルキア,やつあたり,おんがえし,アクアテール,ハイドロポンプ,だいもんじ,りゅうせいぐん
0,484-1,パルキア(オリジンフォルム),りゅうのいぶき,ドラゴンテール
1,484-1,パルキア(オリジンフォルム),アクアテール,ハイドロポンプ,だいもんじ,りゅうせいぐん,あくうせつだん
0,485,ヒードラン,むしくい,ほのおのうず
1,485,ヒードラン,やつあたり,おんがえし,アイアンヘッド,かえんほうしゃ,だいちのちから,ストーンエッジ,だいもんじ,マグマストーム
0,486,レジギガス,しねんのずつき,めざめるパワーほのお,めざめるパワーみず,めざめるパワーでんき,めざめるパワーくさ,めざめるパワーこおり,めざめるパワーかくとう,めざめるパワーどく,めざめるパワーじめん,めざめるパワーひこう,めざめるパワーエスパー,めざめるパワーむし,めざめるパワーいわ,めざめるパワーゴースト,めざめるパワードラゴン,めざめるパワーあく,めざめるパワーはがね
1,486,レジギガス,やつあたり,おんがえし,かみなり,きあいだま,ギガインパクト,にぎりつぶす
0,487,ギラティナ,シャドークロー,りゅうのいぶき
1,487,ギラティナ,やつあたり,おんがえし,ドラゴンクロー,かげうち,げんしのちから,シャドーダイブ
0,487-1,ギラティナ(オリジンフォルム),シャドークロー,ドラゴンテール
1,487-1,ギラティナ(オリジンフォルム),あやしいかぜ,りゅうのはどう,シャドーボール,シャドーダイブ
0,488,クレセリア,サイコカッター,ねんりき
1,488,クレセリア,やつあたり,おんがえし,オーロラビーム,みらいよち,ムーンフォース,くさむすび
0,489,フィオネ,あわ
1,489,フィオネ,バブルこうせん,みずのはどう
0,490,マナフィ,あわ
1,490,マナフィ,バブルこうせん,サイコキネシス
0,491,ダークライ,バークアウト,だましうち
1,491,ダークライ,やつあたり,おんがえし,あくのはどう,シャドーボール,きあいだま,ヘドロばくだん
0,492,シェイミ,しねんのずつき,マジカルリーフ,めざめるパワーほのお,めざめるパワーみず,めざめるパワーでんき,めざめるパワーくさ,めざめるパワーこおり,めざめるパワーかくとう,めざめるパワーどく,めざめるパワーじめん,めざめるパワーひこう,めざめるパワーエスパー,めざめるパワーむし,めざめるパワーいわ,めざめるパワーゴースト,めざめるパワードラゴン,めざめるパワーあく,めざめるパワーはがね
1,492,シェイミ,くさむすび,エナジーボール,シードフレア,ソーラービーム
0,492-1,シェイミ(スカイフォルム),しねんのずつき,マジカルリーフ,めざめるパワーほのお,めざめるパワーみず,めざめるパワーでんき,めざめるパワーくさ,めざめるパワーこおり,めざめるパワーかくとう,めざめるパワーどく,めざめるパワーじめん,めざめるパワーひこう,めざめるパワーエスパー,めざめるパワーむし,めざめるパワーいわ,めざめるパワーゴースト,めざめるパワードラゴン,めざめるパワーあく,めざめるパワーはがね
1,492-1,シェイミ(スカイフォルム),エナジーボール,くさむすび,シードフレア,ソーラービーム
0,493,アルセウス,シャドークロー,アイアンテール
1,493,アルセウス,げきりん,みらいよち,はかいこうせん
0,494,ビクティニ,でんこうせっか,ねんりき
1,494,ビクティニ,サイコショック,Ｖジェネレート,サイコキネシス,きあいだま,オーバーヒート
0,495,ツタージャ,たいあたり,つるのムチ
1,495,ツタージャ,やつあたり,おんがえし,タネばくだん,まきつく,エナジーボール
0,496,ジャノビー,つるのムチ,アイアンテール
1,496,ジャノビー,やつあたり,おんがえし,グラスミキサー,まきつく,くさむすび
0,497,ジャローダ,つるのムチ,アイアンテール
1,497,ジャローダ,やつあたり,おんがえし,グラスミキサー,つばめがえし,くさむすび,ハードプラント
0,498,ポカブ,たいあたり,ひのこ
1,498,ポカブ,やつあたり,おんがえし,のしかかり,ニトロチャージ,かえんほうしゃ
0,499,チャオブー,たいあたり,ひのこ
1,499,チャオブー,やつあたり,おんがえし,ニトロチャージ,がんせきふうじ,かえんほうしゃ
0,500,エンブオー,けたぐり,ひのこ
1,500,エンブオー,やつあたり,おんがえし,ニトロチャージ,いわなだれ,ねっぷう,きあいだま,ブラストバーン
0,501,ミジュマル,みずでっぽう,たいあたり
1,501,ミジュマル,やつあたり,おんがえし,つじぎり,アクアテール,みずのはどう
0,502,フタチマル,れんぞくぎり,みずでっぽう
1,502,フタチマル,やつあたり,おんがえし,シザークロス,アクアテール,みずのはどう
0,503,ダイケンキ,れんぞくぎり,たきのぼり
1,503,ダイケンキ,やつあたり,おんがえし,シェルブレード,アクアブレイク,メガホーン,ふぶき,ハイドロポンプ,ハイドロカノン
0,503-1,ダイケンキ(ヒスイのすがた),れんぞくぎり,バークアウト,たきのぼり
1,503-1,ダイケンキ(ヒスイのすがた),シザークロス,せいなるつるぎ,シェルブレード,こごえるかぜ,あくのはどう
0,504,ミネズミ,たいあたり,かみつく
1,504,ミネズミ,やつあたり,おんがえし,ひっさつまえば,くさむすび,あなをほる
0,505,ミルホッグ,けたぐり,かみつく
1,505,ミルホッグ,やつあたり,おんがえし,かみくだく,ひっさつまえば,くさむすび
0,506,ヨーテリー,すなかけ,たいあたり,とっしん
1,506,ヨーテリー,がんせきふうじ,１０まんボルト,あなをほる
0,507,ハーデリア,すなかけ,したでなめる,とっしん
1,507,ハーデリア,１０まんボルト,じゃれつく,あなをほる
0,508,ムーランド,すなかけ,したでなめる,とっしん,こおりのキバ
1,508,ムーランド,かみくだく,じゃれつく,ワイルドボルト
0,509,チョロネコ,ふいうち,ひっかく
1,509,チョロネコ,やつあたり,おんがえし,つじぎり,あくのはどう,じゃれつく
0,510,レパルダス,バークアウト,あまえる
1,510,レパルダス,やつあたり,おんがえし,あくのはどう,じゃれつく,しっぺがえし,ダストシュート
0,511,ヤナップ,ひっかく,つるのムチ
1,511,ヤナップ,タネばくだん,かみくだく,エナジーボール
0,512,ヤナッキー,つるのムチ,かみつく
1,512,ヤナッキー,かみくだく,くさむすび,ソーラービーム
0,513,バオップ,ひっかく,ほのおのうず
1,513,バオップ,かみくだく,ニトロチャージ,はじけるほのお
0,514,バオッキー,かみつく,ほのおのうず
1,514,バオッキー,かみくだく,かえんほうしゃ,だいもんじ
0,515,ヒヤップ,みずでっぽう,ひっかく
1,515,ヒヤップ,かみくだく,なみのり,みずのはどう
0,516,ヒヤッキー,みずでっぽう,かみつく
1,516,ヒヤッキー,かみくだく,なみのり,ハイドロポンプ
0,517,ムンナ,チャージビーム,しねんのずつき
1,517,ムンナ,サイコショック,サイケこうせん,マジカルシャイン
0,518,ムシャーナ,チャージビーム,しねんのずつき
1,518,ムシャーナ,サイコショック,マジカルシャイン,みらいよち
0,519,マメパト,でんこうせっか,エアスラッシュ
1,519,マメパト,やつあたり,おんがえし,つばめがえし,エアカッター,ねっぷう
0,520,ハトーボー,エアスラッシュ,はがねのつばさ
1,520,ハトーボー,やつあたり,おんがえし,つばめがえし,ゴッドバード,ねっぷう
0,521,ケンホロウ,エアスラッシュ,はがねのつばさ
1,521,ケンホロウ,やつあたり,おんがえし,ゴッドバード,ねっぷう,はかいこうせん
0,522,シママ,スパーク,でんこうせっか
1,522,シママ,やつあたり,おんがえし,ほうでん,ニトロチャージ,１０まんボルト
0,523,ゼブライカ,スパーク,けたぐり
1,523,ゼブライカ,やつあたり,おんがえし,ほうでん,ニトロチャージ,ワイルドボルト
0,524,ダンゴロ,たいあたり,うちおとす
1,524,ダンゴロ,やつあたり,おんがえし,ロックブラスト,じならし,ストーンエッジ
0,525,ガントル,うちおとす,どろかけ
1,525,ガントル,やつあたり,おんがえし,いわなだれ,じならし,ストーンエッジ
0,526,ギガイアス,うちおとす,どろかけ,ロックオン
1,526,ギガイアス,やつあたり,おんがえし,ヘビーボンバー,いわなだれ,ばかぢから,ソーラービーム,メテオビーム
0,527,コロモリ,エアスラッシュ,ねんりき
1,527,コロモリ,つばめがえし,サイコショック,エアカッター
0,528,ココロモリ,エアスラッシュ,ねんりき
1,528,ココロモリ,サイコファング,つばめがえし,そらをとぶ,サイコキネシス,みらいよち
0,529,モグリュー,ひっかく,どろかけ
1,529,モグリュー,やつあたり,おんがえし,がんせきふうじ,ドリルライナー,あなをほる
0,530,ドリュウズ,マッドショット,メタルクロー,どろかけ
1,530,ドリュウズ,やつあたり,おんがえし,アイアンヘッド,いわなだれ,ドリルライナー,ねっさのだいち,じしん
0,531,タブンネ,はたく,しねんのずつき
1,531,タブンネ,のしかかり,チャームボイス,マジカルシャイン,はかいこうせん
0,531-1,メガタブンネ,はたく,しねんのずつき
1,531-1,メガタブンネ,のしかかり,チャームボイス,マジカルシャイン,はかいこうせん
0,532,ドッコラー,けたぐり,はたく
1,532,ドッコラー,やつあたり,おんがえし,かわらわり,ローキック,がんせきふうじ
0,533,ドテッコツ,けたぐり,どくづき
1,533,ドテッコツ,やつあたり,おんがえし,ローキック,かわらわり,ストーンエッジ
0,534,ローブシン,どくづき,カウンター,はっけい
1,534,ローブシン,やつあたり,おんがえし,ばくれつパンチ,ストーンエッジ,きあいだま,ぶんまわす
0,535,オタマロ,マッドショット,あわ
1,535,オタマロ,どろばくだん,みずのはどう,ヘドロウェーブ
0,536,ガマガル,マッドショット,あわ
1,536,ガマガル,みずのはどう,だいちのちから,ヘドロウェーブ
0,537,ガマゲロゲ,マッドショット,あわ
1,537,ガマゲロゲ,だくりゅう,ヘドロばくだん,だいちのちから,こごえるかぜ
0,538,ナゲキ,けたぐり,しねんのずつき
1,538,ナゲキ,やつあたり,おんがえし,ローキック,かわらわり,のしかかり,きあいだま
0,539,ダゲキ,けたぐり,どくづき
1,539,ダゲキ,やつあたり,おんがえし,ローキック,かわらわり,のしかかり,きあいだま
0,540,クルミル,むしくい,むしのていこう
1,540,クルミル,タネばくだん,ぎんいろのかぜ,エナジーボール
0,541,クルマユ,むしくい,むしのていこう
1,541,クルマユ,ぎんいろのかぜ,エナジーボール,むしのさざめき
0,542,ハハコモリ,むしくい,はっぱカッター,シャドークロー
1,542,ハハコモリ,シザークロス,ぎんいろのかぜ,リーフブレード,リーフストーム
0,543,フシデ,どくばり,むしくい
1,543,フシデ,やつあたり,おんがえし,シグナルビーム,ヘドロばくだん,ジャイロボール
0,544,ホイーガ,どくばり,むしくい
1,544,ホイーガ,やつあたり,おんがえし,シグナルビーム,ヘドロばくだん,ジャイロボール
0,545,ペンドラー,どくばり,むしくい,どくづき
1,545,ペンドラー,やつあたり,おんがえし,シザークロス,アクアテール,ジャイロボール,ヘドロばくだん,メガホーン
0,546,モンメン,はっぱカッター,あまえる
1,546,モンメン,タネばくだん,エナジーボール,くさむすび
0,547,エルフーン,ようせいのかぜ,はっぱカッター,あまえる
1,547,エルフーン,タネばくだん,くさむすび,ぼうふう,ムーンフォース
0,548,チュリネ,あまえる,めざめるパワーほのお,めざめるパワーみず,めざめるパワーでんき,めざめるパワーくさ,めざめるパワーこおり,めざめるパワーかくとう,めざめるパワーどく,めざめるパワーじめん,めざめるパワーひこう,めざめるパワーエスパー,めざめるパワーむし,めざめるパワーいわ,めざめるパワーゴースト,めざめるパワードラゴン,めざめるパワーあく,めざめるパワーはがね
1,548,チュリネ,タネばくだん,エナジーボール
0,549,ドレディア,マジカルリーフ,あまえる,めざめるパワーほのお,めざめるパワーみず,めざめるパワーでんき,めざめるパワーくさ,めざめるパワーこおり,めざめるパワーかくとう,めざめるパワーどく,めざめるパワーじめん,めざめるパワーひこう,めざめるパワーエスパー,めざめるパワーむし,めざめるパワーいわ,めざめるパワーゴースト,めざめるパワードラゴン,めざめるパワーあく,めざめるパワーはがね
1,549,ドレディア,はなふぶき,はかいこうせん,ソーラービーム
0,549-1,ドレディア(ヒスイのすがた),タネマシンガン,マジカルリーフ
1,549-1,ドレディア(ヒスイのすがた),はやてがえし,インファイト,はなふぶき,ソーラービーム
0,550,バスラオ,みずでっぽう,たいあたり
1,550,バスラオ,だくりゅう,アクアジェット,アクアテール
0,550-1,バスラオ(しろすじのすがた),たいあたり,みずでっぽう
1,550-1,バスラオ(しろすじのすがた),だくりゅう,アクアジェット,アクアテール
0,551,メグロコ,かみつく,どろかけ
1,551,メグロコ,かみくだく,じならし,あなをほる
0,552,ワルビル,かみつく,どろかけ
1,552,ワルビル,かみくだく,じならし,じしん
0,553,ワルビアル,バークアウト,どろかけ
1,553,ワルビアル,かわらわり,すなじごく,かみくだく,げきりん,じしん
0,554,ダルマッカ,たいあたり,ほのおのキバ
1,554,ダルマッカ,やつあたり,おんがえし,ほのおのパンチ,ニトロチャージ
0,554-1,ダルマッカ(ガラルのすがた),たいあたり,こおりのキバ
1,554-1,ダルマッカ(ガラルのすがた),れいとうパンチ,れいとうビーム
0,555,ヒヒダルマ,たいあたり,ほのおのキバ,やきつくす
1,555,ヒヒダルマ,やつあたり,おんがえし,いわなだれ,サイコキネシス,きあいだま,オーバーヒート
0,555-1,ヒヒダルマ(ダルマモード),たいあたり,ほのおのキバ
1,555-1,ヒヒダルマ(ダルマモード),いわなだれ,サイコキネシス,きあいだま,オーバーヒート
0,555-2,ヒヒダルマ(ガラルのすがた),たいあたり,こおりのキバ
1,555-2,ヒヒダルマ(ガラルのすがた),れいとうパンチ,ばかぢから,ゆきなだれ,オーバーヒート
0,555-3,ヒヒダルマ(ダルマ・ガラル),たいあたり,こおりのキバ
1,555-3,ヒヒダルマ(ダルマ・ガラル),れいとうパンチ,ばかぢから,ゆきなだれ,オーバーヒート
0,556,マラカッチ,タネマシンガン,どくづき
1,556,マラカッチ,つばめがえし,はなふぶき,ソーラービーム
0,557,イシズマイ,いあいぎり,うちおとす
1,557,イシズマイ,やつあたり,おんがえし,シザークロス,ロックブラスト,がんせきふうじ
0,558,イワパレス,れんぞくぎり,うちおとす
1,558,イワパレス,やつあたり,おんがえし,シザークロス,ロックブラスト,いわなだれ,がんせきほう
0,559,ズルッグ,だましうち,いわくだき
1,559,ズルッグ,アシッドボム,かわらわり,かみなりパンチ,はやてがえし,イカサマ
0,560,ズルズキン,バークアウト,カウンター
1,560,ズルズキン,アシッドボム,かみなりパンチ,グロウパンチ,はやてがえし,イカサマ
0,561,シンボラー,しねんのずつき,エアスラッシュ
1,561,シンボラー,げんしのちから,エアカッター,サイケこうせん,シグナルビーム
0,562,デスマス,おどろかす,しねんのずつき
1,562,デスマス,やつあたり,おんがえし,あやしいかぜ,あくのはどう,シャドーボール
0,562-1,デスマス(ガラルのすがた),おどろかす
1,562-1,デスマス(ガラルのすがた),ナイトヘッド,がんせきふうじ
0,563,デスカーン,シャドークロー,おどろかす,しねんのずつき
1,563,デスカーン,やつあたり,おんがえし,あくのはどう,サイコキネシス,シャドーボール
0,564,プロトーガ,みずでっぽう,かみつく
1,564,プロトーガ,やつあたり,おんがえし,のしかかり,げんしのちから,なみのり
0,565,アバゴーラ,みずでっぽう,いわおとし
1,565,アバゴーラ,やつあたり,おんがえし,のしかかり,げんしのちから,アクアブレイク,なみのり
0,566,アーケン,つばさでうつ,でんこうせっか
1,566,アーケン,やつあたり,おんがえし,ドラゴンクロー,かみくだく,げんしのちから
0,567,アーケオス,つばさでうつ,はがねのつばさ
1,567,アーケオス,やつあたり,おんがえし,ドラゴンクロー,かみくだく,げんしのちから
0,568,ヤブクロン,はたく,とっしん
1,568,ヤブクロン,やつあたり,おんがえし,タネばくだん,ダストシュート
0,569,ダストダス,とっしん,まとわりつく
1,569,ダストダス,やつあたり,アシッドボム,おんがえし,のしかかり,タネばくだん,ダストシュート
0,569-1,ダストダス(キョダイマックス),とっしん,まとわりつく
1,569-1,ダストダス(キョダイマックス),アシッドボム,のしかかり,タネばくだん,ダストシュート
0,570,ゾロア,ひっかく,だましうち
1,570,ゾロア,つばめがえし,ナイトヘッド,イカサマ,あくのはどう
0,570-1,ゾロア(ヒスイのすがた),ひっかく,バークアウト
1,570-1,ゾロア(ヒスイのすがた),ナイトヘッド,イカサマ,あくのはどう,シャドーボール
0,571,ゾロアーク,シャドークロー,バークアウト
1,571,ゾロアーク,ナイトヘッド,かえんほうしゃ,イカサマ,ヘドロばくだん
0,571-1,ゾロアーク(ヒスイのすがた),シャドークロー,バークアウト
1,571-1,ゾロアーク(ヒスイのすがた),かえんほうしゃ,イカサマ,ヘドロばくだん,シャドーボール
0,572,チラーミィ,はたく,あまえる
1,572,チラーミィ,アクアテール,スピードスター,１０まんボルト
0,573,チラチーノ,はたく,あまえる
1,573,チラチーノ,アクアテール,１０まんボルト,はかいこうせん
0,574,ゴチム,はたく,ねんりき
1,574,ゴチム,やつあたり,おんがえし,サイコショック,サイケこうせん,サイコキネシス
0,575,ゴチミル,はたく,ねんりき
1,575,ゴチミル,やつあたり,おんがえし,サイケこうせん,サイコキネシス,みらいよち
0,576,ゴチルゼル,ねんりき,あまえる
1,576,ゴチルゼル,やつあたり,おんがえし,いわなだれ,サイコキネシス,みらいよち
0,577,ユニラン,しねんのずつき,めざめるパワーほのお,めざめるパワーみず,めざめるパワーでんき,めざめるパワーくさ,めざめるパワーこおり,めざめるパワーかくとう,めざめるパワーどく,めざめるパワーじめん,めざめるパワーひこう,めざめるパワーエスパー,めざめるパワーむし,めざめるパワーいわ,めざめるパワーゴースト,めざめるパワードラゴン,めざめるパワーあく,めざめるパワーはがね
1,577,ユニラン,やつあたり,おんがえし,サイコショック,ナイトヘッド,かみなり
0,578,ダブラン,しねんのずつき,めざめるパワーほのお,めざめるパワーみず,めざめるパワーでんき,めざめるパワーくさ,めざめるパワーこおり,めざめるパワーかくとう,めざめるパワーどく,めざめるパワーじめん,めざめるパワーひこう,めざめるパワーエスパー,めざめるパワーむし,めざめるパワーいわ,めざめるパワーゴースト,めざめるパワードラゴン,めざめるパワーあく,めざめるパワーはがね
1,578,ダブラン,やつあたり,おんがえし,サイコショック,ナイトヘッド,かみなり
0,579,ランクルス,しねんのずつき,あまえる,めざめるパワーほのお,めざめるパワーみず,めざめるパワーでんき,めざめるパワーくさ,めざめるパワーこおり,めざめるパワーかくとう,めざめるパワーどく,めざめるパワーじめん,めざめるパワーひこう,めざめるパワーエスパー,めざめるパワーむし,めざめるパワーいわ,めざめるパワーゴースト,めざめるパワードラゴン,めざめるパワーあく,めざめるパワーはがね
1,579,ランクルス,やつあたり,おんがえし,サイコショック,シャドーボール,かみなり,みらいよち
0,580,コアルヒー,みずでっぽう,つばさでうつ
1,580,コアルヒー,やつあたり,おんがえし,バブルこうせん,つばめがえし,ブレイブバード
0,581,スワンナ,みずでっぽう,エアスラッシュ,かぜおこし
1,581,スワンナ,やつあたり,おんがえし,バブルこうせん,そらをとぶ,れいとうビーム,ぼうふう,アクアジェット
0,582,バニプッチ,こなゆき,おどろかす
1,582,バニプッチ,こごえるかぜ,シグナルビーム,れいとうビーム
0,583,バニリッチ,おどろかす,こおりのいぶき
1,583,バニリッチ,こごえるかぜ,シグナルビーム,れいとうビーム
0,584,バイバニラ,おどろかす,こおりのいぶき
1,584,バイバニラ,シグナルビーム,ラスターカノン,ふぶき,ゆきなだれ
0,585,シキジカ,たいあたり,とっしん
1,585,シキジカ,タネばくだん,くさわけ,ワイルドボルト,エナジーボール
0,586,メブキジカ,とっしん,だましうち
1,586,メブキジカ,くさわけ,ワイルドボルト,メガホーン,はかいこうせん,ソーラービーム
0,587,エモンガ,でんきショック,でんこうせっか
1,587,エモンガ,つばめがえし,ほうでん,１０まんボルト,アクロバット
0,588,カブルモ,れんぞくぎり,つつく
1,588,カブルモ,やつあたり,おんがえし,シザークロス,つばめがえし,シグナルビーム,ドリルライナー
0,589,シュバルゴ,むしくい,カウンター
1,589,シュバルゴ,やつあたり,アシッドボム,おんがえし,つばめがえし,ドリルライナー,メガホーン,シェルブレード
0,590,タマゲタケ,おどろかす,だましうち
1,590,タマゲタケ,やつあたり,おんがえし,のしかかり,エナジーボール,くさむすび
0,591,モロバレル,おどろかす,だましうち
1,591,モロバレル,やつあたり,おんがえし,イカサマ,ヘドロばくだん,くさむすび
0,592,プルリル,たたりめ,あわ
1,592,プルリル,あやしいかぜ,ナイトヘッド,れいとうビーム
0,593,ブルンゲル,たたりめ,あわ
1,593,ブルンゲル,バブルこうせん,なみのり,れいとうビーム,シャドーボール
0,594,ママンボウ,たきのぼり,めざめるパワーほのお,めざめるパワーみず,めざめるパワーでんき,めざめるパワーくさ,めざめるパワーこおり,めざめるパワーかくとう,めざめるパワーどく,めざめるパワーじめん,めざめるパワーひこう,めざめるパワーエスパー,めざめるパワーむし,めざめるパワーいわ,めざめるパワーゴースト,めざめるパワードラゴン,めざめるパワーあく,めざめるパワーはがね
1,594,ママンボウ,サイコキネシス,ふぶき,ハイドロポンプ
0,595,バチュル,ふいうち,チャージビーム
1,595,バチュル,やつあたり,おんがえし,クロスポイズン,ほうでん,むしのさざめき
0,596,デンチュラ,れんぞくぎり,ボルトチェンジ
1,596,デンチュラ,やつあたり,おんがえし,クロスポイズン,とびかかる,ほうでん,エナジーボール,むしのさざめき
0,597,テッシード,たいあたり,メタルクロー
1,597,テッシード,やつあたり,おんがえし,アイアンヘッド,ジャイロボール,ラスターカノン
0,598,ナットレイ,メタルクロー,タネマシンガン
1,598,ナットレイ,やつあたり,アシッドボム,おんがえし,ミラーショット,パワーウィップ,ラスターカノン,かみなり
0,599,ギアル,きんぞくおん,チャージビーム,ボルトチェンジ
1,599,ギアル,はさむ,ほうでん,でんじほう
0,600,ギギアル,でんきショック,きんぞくおん,チャージビーム
1,600,ギギアル,はさむ,１０まんボルト,でんじほう
0,601,ギギギアル,でんきショック,きんぞくおん,チャージビーム
1,601,ギギギアル,ミラーショット,ラスターカノン,でんじほう,はかいこうせん
0,602,シビシラス,スパーク,たいあたり
1,602,シビシラス,わるあがき
0,603,シビビール,スパーク,ようかいえき
1,603,シビビール,かみくだく,ほうでん,１０まんボルト
0,604,シビルドン,スパーク,ようかいえき,ボルトチェンジ
1,604,シビルドン,アシッドボム,ドラゴンクロー,かみくだく,アクアブレイク,１０まんボルト
0,605,リグレー,おどろかす,ねんりき
1,605,リグレー,サイケこうせん,あくのはどう,サイコキネシス
0,606,オーベム,おどろかす,ねんりき
1,606,オーベム,いわなだれ,あくのはどう,サイコキネシス
0,607,ヒトモシ,おどろかす,ひのこ
1,607,ヒトモシ,やつあたり,おんがえし,マジカルフレイム,ニトロチャージ,はじけるほのお,ねっぷう
0,608,ランプラー,おどろかす,ひのこ
1,608,ランプラー,やつあたり,おんがえし,はじけるほのお,エナジーボール,ねっぷう
0,609,シャンデラ,たたりめ,ほのおのうず,やきつくす
1,609,シャンデラ,やつあたり,おんがえし,ニトロチャージ,エナジーボール,シャドーボール,オーバーヒート,ポルターガイスト
0,610,キバゴ,ひっかく,アイアンテール
1,610,キバゴ,ドラゴンクロー,アクアテール,りゅうのはどう
0,611,オノンド,ドラゴンテール,アイアンテール
1,611,オノンド,ドラゴンクロー,つじぎり,アクアテール
0,612,オノノクス,カウンター,ドラゴンテール
1,612,オノノクス,ドラゴンクロー,つじぎり,なみのり,じしん,ワイドブレイカー
0,613,クマシュン,こなゆき,あまえる
1,613,クマシュン,れいとうパンチ,こごえるかぜ,じゃれつく
0,614,ツンベアー,こなゆき,あまえる
1,614,ツンベアー,れいとうパンチ,アクアブレイク,なみのり,じゃれつく
0,615,フリージオ,こおりのつぶて,こおりのいぶき
1,615,フリージオ,つじぎり,トリプルアクセル,みずのはどう,オーロラビーム,ソーラービーム
0,616,チョボマキ,まとわりつく,ようかいえき
1,616,チョボマキ,やつあたり,おんがえし,のしかかり,シグナルビーム,むしのさざめき
0,617,アギルダー,まとわりつく,みずしゅりけん,ようかいえき
1,617,アギルダー,やつあたり,アシッドボム,おんがえし,シグナルビーム,むしのさざめき,きあいだま,エナジーボール
0,618,マッギョ,でんきショック,マッドショット
1,618,マッギョ,だくりゅう,どろばくだん,ほうでん
0,618-1,マッギョ(ガラルのすがた),マッドショット,メタルクロー
1,618-1,マッギョ(ガラルのすがた),だくりゅう,いわなだれ,ラスターカノン,じしん
0,619,コジョフー,けたぐり,はたく
1,619,コジョフー,かわらわり,ローキック,ドレインパンチ,きあいだま,とびひざげり
0,620,コジョンド,けたぐり,はっけい,どくづき
1,620,コジョンド,かわらわり,ブレイズキック,ドレインパンチ,ぶんまわす,くさむすび,ストーンエッジ
0,621,クリムガン,かみつく,ドラゴンテール
1,621,クリムガン,ドラゴンクロー,つじぎり,がんせきふうじ,はかいこうせん
0,622,ゴビット,おどろかす,どろかけ
1,622,ゴビット,やつあたり,おんがえし,シャドーパンチ,かわらわり,ナイトヘッド
0,623,ゴルーグ,おどろかす,どろかけ
1,623,ゴルーグ,やつあたり,おんがえし,シャドーパンチ,ばくれつパンチ,だいちのちから,ポルターガイスト
0,624,コマタナ,れんぞくぎり,ひっかく
1,624,コマタナ,シザークロス,つじぎり,アイアンヘッド
0,625,キリキザン,メタルクロー,バークアウト
1,625,キリキザン,シザークロス,アイアンヘッド,あくのはどう,きあいだま
0,626,バッフロン,マッドショット,しねんのずつき
1,626,バッフロン,ふみつけ,メガホーン,ロケットずつき,じしん
0,627,ワシボン,つばさでうつ,つつく
1,627,ワシボン,つばめがえし,がんせきふうじ,そらをとぶ,ブレイブバード
0,628,ウォーグル,エアスラッシュ,はがねのつばさ
1,628,ウォーグル,いわなだれ,そらをとぶ,ねっぷう,インファイト,ブレイブバード
0,628-1,ウォーグル(ヒスイのすがた),しねんのずつき,エアスラッシュ
1,628-1,ウォーグル(ヒスイのすがた),あやしいかぜ,そらをとぶ,サイコキネシス,マジカルシャイン,ブレイブバード
0,629,バルチャイ,だましうち,エアスラッシュ
1,629,バルチャイ,イカサマ,あくのはどう,ブレイブバード
0,630,バルジーナ,バークアウト,エアスラッシュ
1,630,バルジーナ,つばめがえし,イカサマ,あくのはどう,シャドーボール
0,631,クイタラン,したでなめる,ほのおのうず
1,631,クイタラン,かみなりパンチ,グロウパンチ,かえんほうしゃ
0,632,アイアント,むしくい,メタルクロー
1,632,アイアント,シザークロス,アイアンヘッド,ストーンエッジ
0,633,モノズ,たいあたり,りゅうのいぶき
1,633,モノズ,やつあたり,おんがえし,のしかかり,かみくだく,りゅうのはどう
0,634,ジヘッド,りゅうのいぶき,かみつく
1,634,ジヘッド,やつあたり,おんがえし,のしかかり,あくのはどう,りゅうのはどう
0,635,サザンドラ,りゅうのいぶき,かみつく
1,635,サザンドラ,やつあたり,おんがえし,あくのはどう,そらをとぶ,りゅうのはどう,ラスターカノン,ぶんまわす
0,636,メラルバ,むしくい,ひのこ
1,636,メラルバ,ニトロチャージ,かえんぐるま,むしのさざめき
0,637,ウルガモス,むしくい,ほのおのうず
1,637,ウルガモス,むしのさざめき,ぼうふう,オーバーヒート,ソーラービーム
0,638,コバルオン,メタルクロー,にどげり,しねんのずつき
1,638,コバルオン,アイアンヘッド,インファイト,ストーンエッジ,せいなるつるぎ
0,639,テラキオン,にどげり,しねんのずつき,うちおとす
1,639,テラキオン,いわなだれ,インファイト,じしん,せいなるつるぎ
0,640,ビリジオン,にどげり,でんこうせっか,しねんのずつき
1,640,ビリジオン,リーフブレード,インファイト,ストーンエッジ,せいなるつるぎ
0,641,トルネロス,かみつく,エアスラッシュ
1,641,トルネロス,やつあたり,おんがえし,あくのはどう,くさむすび,ぼうふう,はかいこうせん
0,641-1,れいじゅうトルネロス,おどろかす,かぜおこし
1,641-1,れいじゅうトルネロス,サイコキネシス,ねっぷう,ぼうふう,きあいだま,こがらしあらし
0,642,ボルトロス,でんきショック,おどろかす
1,642,ボルトロス,やつあたり,おんがえし,かわらわり,かみなりパンチ,かみくだく,かみなり
0,642-1,れいじゅうボルトロス,かみつく,ボルトチェンジ
1,642-1,れいじゅうボルトロス,１０まんボルト,かみなり,ヘドロウェーブ,きあいだま,かみなりあらし
0,643,レシラム,りゅうのいぶき,ほのおのキバ
1,643,レシラム,かみくだく,ストーンエッジ,りゅうせいぐん,オーバーヒート,クロスフレイム
0,644,ゼクロム,りゅうのいぶき,チャージビーム
1,644,ゼクロム,かみくだく,ワイルドボルト,げきりん,ラスターカノン,クロスサンダー
0,645,ランドロス,マッドショット,いわおとし
1,645,ランドロス,いわなだれ,だいちのちから,げきりん,きあいだま
0,645-1,れいじゅうランドロス,マッドショット,じんつうりき
1,645-1,れいじゅうランドロス,じならし,ばかぢから,ストーンエッジ,じしん,ねっさのあらし
0,646,キュレム,りゅうのいぶき,はがねのつばさ
1,646,キュレム,ドラゴンクロー,ふぶき,りゅうせいぐん,こごえるせかい
0,646-1,ホワイトキュレム,りゅうのいぶき,こおりのキバ,はがねのつばさ
1,646-1,ホワイトキュレム,げんしのちから,りゅうのはどう,ふぶき,きあいだま,クロスフレイム,コールドフレア
0,646-2,ブラックキュレム,シャドークロー,ドラゴンテール
1,646-2,ブラックキュレム,アイアンヘッド,げきりん,ストーンエッジ,ふぶき,クロスサンダー,フリーズボルト
0,647,ケルディオ,けたぐり,どくづき
1,647,ケルディオ,シザークロス,アクアジェット,せいなるつるぎ,インファイト,ハイドロポンプ
0,647-1,ケルディオ(かくごのすがた),けたぐり,どくづき
1,647-1,ケルディオ(かくごのすがた),シザークロス,アクアジェット,インファイト,ハイドロポンプ,しんぴのつるぎ
0,648,メロエッタ,でんこうせっか,ねんりき
1,648,メロエッタ,サイコショック,１０まんボルト,マジカルシャイン,はかいこうせん
0,648-1,メロエッタ(ステップフォルム),けたぐり,でんこうせっか
1,648-1,メロエッタ(ステップフォルム),れいとうパンチ,ほのおのパンチ,インファイト,はかいこうせん
0,649,ゲノセクト,れんぞくぎり,メタルクロー
1,649,ゲノセクト,シザークロス,マグネットボム,はかいこうせん,テクノバスター
0,649-1,ゲノセクト(ブレイズカセット),れんぞくぎり,メタルクロー
1,649-1,ゲノセクト(ブレイズカセット),シザークロス,マグネットボム,かえんほうしゃ,テクノバスター(ほのお)
0,649-2,ゲノセクト(アクアカセット),れんぞくぎり,メタルクロー
1,649-2,ゲノセクト(アクアカセット),シザークロス,マグネットボム,ダストシュート,テクノバスター(みず)
0,649-3,ゲノセクト(イナズマカセット),れんぞくぎり,メタルクロー
1,649-3,ゲノセクト(イナズマカセット),シザークロス,マグネットボム,でんじほう,テクノバスター(でんき)
0,649-4,ゲノセクト(フリーズカセット),れんぞくぎり,メタルクロー
1,649-4,ゲノセクト(フリーズカセット),シザークロス,マグネットボム,れいとうビーム,テクノバスター(こおり)
0,650,ハリマロン,つるのムチ,とっしん
1,650,ハリマロン,やつあたり,おんがえし,のしかかり,タネばくだん,ジャイロボール
0,651,ハリボーグ,けたぐり,つるのムチ
1,651,ハリボーグ,やつあたり,おんがえし,のしかかり,ジャイロボール,エナジーボール
0,652,ブリガロン,けたぐり,つるのムチ,うちおとす
1,652,ブリガロン,やつあたり,おんがえし,かみなりパンチ,ばかぢから,ジャイロボール,エナジーボール,ソーラービーム,ハードプラント
0,653,フォッコ,ひっかく,ひのこ
1,653,フォッコ,やつあたり,おんがえし,サイコショック,ニトロチャージ,かえんほうしゃ
0,654,テールナー,ひっかく,ひのこ
1,654,テールナー,やつあたり,おんがえし,サイコショック,ニトロチャージ,かえんほうしゃ
0,655,マフォクシー,ひっかく,しねんのずつき,ほのおのうず
1,655,マフォクシー,やつあたり,おんがえし,サイコショック,マジカルフレイム,ニトロチャージ,かえんほうしゃ,サイコキネシス,だいもんじ,ブラストバーン
0,656,ケロマツ,はたく,あわ
1,656,ケロマツ,やつあたり,おんがえし,つばめがえし,なみのり,みずのはどう
0,657,ゲコガシラ,はたく,あわ
1,657,ゲコガシラ,やつあたり,おんがえし,つばめがえし,なみのり,みずのはどう
0,658,ゲッコウガ,みずしゅりけん,あわ,だましうち
1,658,ゲッコウガ,やつあたり,おんがえし,つじぎり,つばめがえし,なみのり,ハイドロポンプ,ハイドロカノン
0,659,ホルビー,でんこうせっか,どろかけ
1,659,ホルビー,やつあたり,おんがえし,じならし,あなをほる,じしん
0,660,ホルード,マッドショット,でんこうせっか
1,660,ホルード,やつあたり,おんがえし,ほのおのパンチ,ねっさのだいち,あなをほる,じしん,はかいこうせん
0,661,ヤヤコマ,つつく,でんこうせっか
1,661,ヤヤコマ,やつあたり,おんがえし,つばめがえし,スピードスター,そらをとぶ,ねっぷう
0,662,ヒノヤコマ,ひのこ,つつく,はがねのつばさ
1,662,ヒノヤコマ,やつあたり,おんがえし,つばめがえし,ニトロチャージ,そらをとぶ,ねっぷう
0,663,ファイアロー,つつく,ほのおのうず,はがねのつばさ,やきつくす
1,663,ファイアロー,やつあたり,おんがえし,ニトロチャージ,そらをとぶ,ぼうふう,ブレイブバード,だいもんじ
0,664,コフキムシ,むしくい,たいあたり
1,664,コフキムシ,わるあがき
0,665,コフーライ,むしのていこう
1,665,コフーライ,わるあがき
0,666,ビビヨン,むしのていこう,かぜおこし
1,666,ビビヨン,つばめがえし,エナジーボール,むしのさざめき,ぼうふう
0,667,シシコ,たいあたり,ひのこ,ほのおのキバ,やきつくす
1,667,シシコ,かみくだく,ニトロチャージ,かえんほうしゃ
0,668,カエンジシ,とっしん,ひのこ,ほのおのキバ,やきつくす
1,668,カエンジシ,ニトロチャージ,あくのはどう,オーバーヒート,ソーラービーム
0,669,フラベベ,たいあたり,つるのムチ
1,669,フラベベ,サイコキネシス,マジカルシャイン,はなふぶき
0,670,フラエッテ,たいあたり,つるのムチ
1,670,フラエッテ,サイコキネシス,マジカルシャイン,はなふぶき
0,671,フラージェス,たいあたり,つるのムチ,ようせいのかぜ,はっぱカッター
1,671,フラージェス,チャームボイス,くさわけ,サイコキネシス,はなふぶき,ムーンフォース,ひやみず
0,672,メェークル,しねんのずつき,いわくだき
1,672,メェークル,かわらわり,タネばくだん,いわなだれ
0,673,ゴーゴート,つるのムチ,しねんのずつき,いわくだき
1,673,ゴーゴート,かわらわり,タネばくだん,リーフブレード,いわなだれ
0,674,ヤンチャム,たいあたり,けたぐり
1,674,ヤンチャム,ローキック,のしかかり,かみくだく
0,675,ゴロンダ,けたぐり,バレットパンチ,からてチョップ,バークアウト
1,675,ゴロンダ,つじぎり,アイアンヘッド,いわなだれ,インファイト
0,676,トリミアン,すなかけ,ふいうち,かみつく,とっしん
1,676,トリミアン,なみのり,あくのはどう,くさむすび
0,677,ニャスパー,ひっかく,ねんりき
1,677,ニャスパー,サイコショック,エナジーボール,サイコキネシス
0,678,ニャオニクス(オス),ふいうち,ねんりき
1,678,ニャオニクス(オス),１０まんボルト,エナジーボール,サイコキネシス
0,678-1,ニャオニクス(メスのすがた),マジカルリーフ,ねんりき,あまえる
1,678-1,ニャオニクス(メスのすがた),エナジーボール,サイコキネシス,シャドーボール
0,679,ヒトツキ,サイコカッター,たいあたり
1,679,ヒトツキ,アイアンヘッド,ジャイロボール
0,680,ニダンギル,サイコカッター,たいあたり,シャドークロー
1,680,ニダンギル,せいなるつるぎ,アイアンヘッド,ジャイロボール
0,681,ギルガルド(シールド),サイコカッター,エアスラッシュ
1,681,ギルガルド(シールド),ジャイロボール,シャドーボール,ラスターカノン
0,681-1,ギルガルド(ブレードフォルム),サイコカッター,エアスラッシュ
1,681-1,ギルガルド(ブレードフォルム),ジャイロボール,シャドーボール,ラスターカノン
0,682,シュシュプ,チャージビーム,あまえる
1,682,シュシュプ,ドレインキッス,１０まんボルト
0,683,フレフワン,チャージビーム,あまえる,ようせいのかぜ
1,683,フレフワン,サイコショック,ドレインキッス,１０まんボルト,サイコキネシス,ムーンフォース
0,684,ペロッパフ,たいあたり
1,684,ペロッパフ,ドレインキッス,エナジーボール
0,685,ペロリーム,たいあたり,ようせいのかぜ,あまえる
1,685,ペロリーム,ドレインキッス,かえんほうしゃ,エナジーボール,じゃれつく
0,686,マーイーカ,サイコウェーブ,たいあたり,つつく
1,686,マーイーカ,やつあたり,おんがえし,つじぎり,サイケこうせん
0,687,カラマネロ,サイコカッター,サイコウェーブ,つつく
1,687,カラマネロ,やつあたり,おんがえし,サイケこうせん,イカサマ,ばかぢから,はかいこうせん
0,687-1,メガカラマネロ,サイコカッター,サイコウェーブ,つつく
1,687-1,メガカラマネロ,おんがえし,サイケこうせん,イカサマ,ばかぢから,はかいこうせん
0,688,カメテテ,ひっかく,どろかけ
1,688,カメテテ,げんしのちから,クロスチョップ,あなをほる
0,689,ガメノデス,れんぞくぎり,みずでっぽう,どろかけ
1,689,ガメノデス,シェルブレード,クロスチョップ,くさむすび,ストーンエッジ,ロケットずつき
0,690,クズモー,みずでっぽう,ようかいえき
1,690,クズモー,たつまき,アクアテール,みずのはどう,ヘドロばくだん
0,691,ドラミドロ,みずでっぽう,ようかいえき,ドラゴンテール
1,691,ドラミドロ,アクアテール,ヘドロばくだん,げきりん,ダストシュート,ハイドロポンプ,きあいだま
0,692,ウデッポウ,みずでっぽう,うちおとす
1,692,ウデッポウ,アクアジェット,みずのはどう,クラブハンマー
0,693,ブロスター,みずでっぽう,うちおとす
1,693,ブロスター,みずのはどう,あくのはどう,クラブハンマー,れいとうビーム
0,694,エリキテル,でんきショック,でんこうせっか
1,694,エリキテル,パラボラチャージ,１０まんボルト,じならし
0,695,エレザード,でんこうせっか,ボルトチェンジ,どろかけ
1,695,エレザード,ワイドブレイカー,パラボラチャージ,１０まんボルト,じならし,くさむすび
0,696,チゴラス,たいあたり,ドラゴンテール
1,696,チゴラス,やつあたり,おんがえし,ドラゴンクロー,げんしのちから,ふみつけ,がんせきふうじ
0,697,ガチゴラス,いわおとし,ドラゴンテール,あまえる
1,697,ガチゴラス,やつあたり,おんがえし,かみくだく,がんせきふうじ,げきりん,ストーンエッジ,じしん,メテオビーム
0,698,アマルス,こなゆき,こおりのいぶき
1,698,アマルス,やつあたり,おんがえし,ウェザーボール(こおり),げんしのちから,オーロラビーム,１０まんボルト
0,699,アマルルガ,こなゆき,こおりのいぶき,いわおとし
1,699,アマルルガ,やつあたり,おんがえし,ウェザーボール(こおり),げんしのちから,１０まんボルト,ふぶき,メテオビーム,はかいこうせん
0,700,ニンフィア,でんこうせっか,あまえる,ようせいのかぜ
1,700,ニンフィア,ドレインキッス,マジカルシャイン,ムーンフォース,サイコショック,とっておき,シャドーボール
0,701,ルチャブル,けたぐり,どくづき
1,701,ルチャブル,シザークロス,グロウパンチ,つばめがえし,フライングプレス
0,702,デデンネ,でんきショック,たいあたり
1,702,デデンネ,ほうでん,パラボラチャージ,じゃれつく
0,703,メレシー,たいあたり,いわおとし
1,703,メレシー,いわなだれ,パワージェム,ムーンフォース
0,704,ヌメラ,たいあたり,みずでっぽう
1,704,ヌメラ,だくりゅう,りゅうのはどう,ヘドロウェーブ
0,705,ヌメイル,みずでっぽう,たいあたり,りゅうのいぶき
1,705,ヌメイル,だくりゅう,みずのはどう,りゅうのはどう,ヘドロウェーブ,のしかかり
0,706,ヌメルゴン,みずでっぽう,りゅうのいぶき
1,706,ヌメルゴン,だくりゅう,アクアテール,パワーウィップ,ヘドロウェーブ,りゅうせいぐん,かみなりパンチ
0,707,クレッフィ,たいあたり,おどろかす
1,707,クレッフィ,ドレインキッス,イカサマ,じゃれつく,ラスターカノン
0,708,ボクレー,たいあたり,おどろかす
1,708,ボクレー,やつあたり,おんがえし,タネばくだん,イカサマ,シャドーボール
0,709,オーロット,ふいうち,シャドークロー
1,709,オーロット,やつあたり,おんがえし,タネばくだん,イカサマ,シャドーボール
0,710,バケッチャ(ちいさい),おどろかす,はっぱカッター
1,710,バケッチャ(ちいさい),かげうち,イカサマ,くさむすび
0,710-1,バケッチャ(ふつうのサイズ),おどろかす,はっぱカッター
1,710-1,バケッチャ(ふつうのサイズ),かげうち,イカサマ,くさむすび
0,710-2,バケッチャ(おおきいサイズ),おどろかす,はっぱカッター
1,710-2,バケッチャ(おおきいサイズ),かげうち,イカサマ,くさむすび
0,710-3,バケッチャ(とくだいサイズ),おどろかす,はっぱカッター
1,710-3,バケッチャ(とくだいサイズ),かげうち,イカサマ,くさむすび
0,711,パンプジン(ちいさい),たたりめ,はっぱカッター,やきつくす
1,711,パンプジン(ちいさい),タネばくだん,イカサマ,シャドーボール,だいもんじ,ポルターガイスト
0,711-1,パンプジン(ふつうのサイズ),たたりめ,はっぱカッター,やきつくす
1,711-1,パンプジン(ふつうのサイズ),タネばくだん,イカサマ,シャドーボール,だいもんじ,ポルターガイスト
0,711-2,パンプジン(おおきいサイズ),たたりめ,はっぱカッター,やきつくす
1,711-2,パンプジン(おおきいサイズ),タネばくだん,イカサマ,シャドーボール,だいもんじ,ポルターガイスト
0,711-3,パンプジン(とくだいサイズ),たたりめ,はっぱカッター,やきつくす
1,711-3,パンプジン(とくだいサイズ),タネばくだん,イカサマ,シャドーボール,だいもんじ,ポルターガイスト
0,712,カチコール,たいあたり,かみつく
1,712,カチコール,こごえるかぜ,かみくだく,ミラーコート
0,713,クレベース,かみつく,こおりのキバ
1,713,クレベース,のしかかり,こごえるかぜ,かみくだく,ミラーコート,ゆきなだれ,じしん
0,713-1,クレベース(ヒスイのすがた),たいあたり,こなゆき,かみつく
1,713-1,クレベース(ヒスイのすがた),かみくだく,こごえるかぜ,いわなだれ,ふぶき
0,714,オンバット,かみつく,つばさでうつ
1,714,オンバット,エアカッター,りゅうのはどう,ねっぷう
0,715,オンバーン,かみつく,エアスラッシュ
1,715,オンバーン,サイコキネシス,ねっぷう,ぼうふう,りゅうせいぐん,ばくおんぱ
0,716,ゼルネアス,たいあたり,しねんのずつき,ジオコントロール
1,716,ゼルネアス,かみなり,インファイト,メガホーン,ムーンフォース,ギガインパクト
0,717,イベルタル,ふいうち,バークアウト,かぜおこし
1,717,イベルタル,あくのはどう,サイコキネシス,ぼうふう,きあいだま,はかいこうせん,デスウイング
0,718,ジガルデ,かみつく,しねんのずつき,ドラゴンテール
1,718,ジガルデ,かみくだく,じならし,げきりん,じしん,はかいこうせん
0,718-1,ジガルデ(１０％フォルム),かみつく,しねんのずつき,ドラゴンテール
1,718-1,ジガルデ(１０％フォルム),かみくだく,じならし,げきりん,じしん,はかいこうせん
0,718-2,ジガルデ(パーフェクトフォルム),かみつく,しねんのずつき,ドラゴンテール
1,718-2,ジガルデ(パーフェクトフォルム),かみくだく,じならし,げきりん,じしん,はかいこうせん
0,719,ディアンシー,たいあたり,いわおとし
1,719,ディアンシー,いわなだれ,パワージェム,ムーンフォース
0,719-1,メガディアンシー,たいあたり,いわおとし
1,719-1,メガディアンシー,いわなだれ,パワージェム,ムーンフォース
0,720,フーパ,おどろかす,ねんりき
1,720,フーパ,サイケこうせん,サイコキネシス,シャドーボール
0,720-1,フーパ(ときはなたれし),おどろかす,ねんりき
1,720-1,フーパ(ときはなたれし),あくのはどう,サイコキネシス,シャドーボール
0,721,ボルケニオン,みずでっぽう,とっしん,やきつくす
1,721,ボルケニオン,ねっとう,ヘドロばくだん,だいちのちから,ハイドロポンプ,オーバーヒート
0,722,モクロー,たいあたり,このは,はっぱカッター,マジカルリーフ
1,722,モクロー,タネばくだん,エナジーボール
0,723,フクスロー,このは,つつく,はっぱカッター,マジカルリーフ
1,723,フクスロー,タネばくだん,エナジーボール,ブレイブバード
0,724,ジュナイパー,このは,おどろかす,はっぱカッター,マジカルリーフ
1,724,ジュナイパー,かげうち,かげぬい,エナジーボール,ブレイブバード,ハードプラント
0,724-1,ジュナイパー(ヒスイのすがた),サイコカッター,マジカルリーフ
1,724-1,ジュナイパー(ヒスイのすがた),つばめがえし,ナイトヘッド,くさわけ,エナジーボール,はどうだん
0,725,ニャビー,ひっかく,ひのこ
1,725,ニャビー,かみくだく,ニトロチャージ,かえんほうしゃ
0,726,ニャヒート,かみつく,ひのこ
1,726,ニャヒート,かみくだく,ニトロチャージ,かえんほうしゃ
0,727,ガオガエン,にどげり,バークアウト,ほのおのキバ
1,727,ガオガエン,ブレイズキック,ドレインパンチ,ぶんまわす,ニトロチャージ,あくのはどう,DDラリアット,だいもんじ,ブラストバーン
0,728,アシマリ,みずでっぽう,はたく
1,728,アシマリ,アクアジェット,アクアテール,みずのはどう
0,729,オシャマリ,みずでっぽう,あまえる
1,729,オシャマリ,アクアジェット,チャームボイス,みずのはどう
0,730,アシレーヌ,たきのぼり,あまえる
1,730,アシレーヌ,チャームボイス,うたかたのアリア,サイコキネシス,ムーンフォース,ハイドロポンプ,ハイドロカノン
0,731,ツツケラ,つつく,いわくだき
1,731,ツツケラ,やつあたり,おんがえし,つばめがえし,ドリルくちばし,ゴッドバード
0,732,ケララッパ,つつく,いわくだき
1,732,ケララッパ,やつあたり,おんがえし,ロックブラスト,ドリルくちばし,ゴッドバード
0,733,ドデカバシ,タネマシンガン,つつく,いわくだき
1,733,ドデカバシ,やつあたり,おんがえし,ロックブラスト,ドリルくちばし,ラスターカノン,くちばしキャノン
0,734,ヤングース,たいあたり,かみつく
1,734,ヤングース,かみくだく,がんせきふうじ,ひっさつまえば
0,735,デカグース,かみつく,とっしん
1,735,デカグース,かみくだく,がんせきふうじ,ひっさつまえば
0,736,アゴジムシ,スパーク,むしくい
1,736,アゴジムシ,やつあたり,おんがえし,はさむ,シザークロス,かみくだく
0,737,デンヂムシ,スパーク,むしくい,ボルトチェンジ
1,737,デンヂムシ,やつあたり,おんがえし,シザークロス,かみくだく,ほうでん
0,738,クワガノン,スパーク,むしくい,どろかけ,ボルトチェンジ
1,738,クワガノン,やつあたり,おんがえし,シザークロス,かみくだく,ほうでん,そらをとぶ
0,739,マケンカニ,あわ,いわくだき
1,739,マケンカニ,かわらわり,グロウパンチ,クラブハンマー,しっぺがえし
0,740,ケケンカニ,あわ,いわくだき
1,740,ケケンカニ,かわらわり,グロウパンチ,れいとうパンチ,クラブハンマー,しっぺがえし
0,741,オドリドリ(めらめら),はたく,エアスラッシュ
1,741,オドリドリ(めらめら),つばめがえし,エアカッター,ぼうふう
0,741-1,オドリドリ(ぱちぱちスタイル),はたく,エアスラッシュ
1,741-1,オドリドリ(ぱちぱちスタイル),つばめがえし,エアカッター,ぼうふう
0,741-2,オドリドリ(ふらふらスタイル),はたく,エアスラッシュ
1,741-2,オドリドリ(ふらふらスタイル),つばめがえし,エアカッター,ぼうふう
0,741-3,オドリドリ(まいまいスタイル),はたく,エアスラッシュ
1,741-3,オドリドリ(まいまいスタイル),つばめがえし,エアカッター,ぼうふう
0,742,アブリー,ようせいのかぜ,むしのていこう
1,742,アブリー,むしのさざめき,マジカルシャイン
0,743,アブリボン,ようせいのかぜ,むしのていこう,あまえる
1,743,アブリボン,ドレインキッス,むしのさざめき,マジカルシャイン
0,744,イワンコ,たいあたり,いわおとし
1,744,イワンコ,かみくだく,くさわけ,がんせきふうじ,ストーンエッジ
0,744-1,イワンコ(たそがれに進化),たいあたり,いわおとし
1,744-1,イワンコ(たそがれに進化),かみくだく,がんせきふうじ,くさわけ,ストーンエッジ
0,745,ルガルガン(まひる),ふいうち,いわおとし
1,745,ルガルガン(まひる),かみくだく,くさわけ,ドリルライナー,ストーンエッジ
0,745-1,ルガルガン(まよなかのすがた),いわおとし,カウンター
1,745-1,ルガルガン(まよなかのすがた),サイコファング,かみくだく,くさわけ,ストーンエッジ
0,745-2,ルガルガン(たそがれのすがた),ふいうち,カウンター,いわおとし
1,745-2,ルガルガン(たそがれのすがた),かみくだく,アイアンヘッド,くさわけ,ストーンエッジ
0,746,ヨワシ(たんどく),みずでっぽう,たきのぼり,アイアンテール
1,746,ヨワシ(たんどく),アクアテール,なみのり,しおみず
0,746-1,ヨワシ(むれのすがた),みずでっぽう,たきのぼり,アイアンテール
1,746-1,ヨワシ(むれのすがた),アクアテール,なみのり,しおみず
0,747,ヒドイデ,どくばり,かみつく
1,747,ヒドイデ,しおみず,ヘドロウェーブ,ダストシュート
0,748,ドヒドイデ,かみつく,どくづき
1,748,ドヒドイデ,しおみず,ヘドロウェーブ,ダストシュート
0,749,ドロバンコ,いわくだき,どろかけ
1,749,ドロバンコ,のしかかり,じならし,じしん
0,750,バンバドロ,いわくだき,どろかけ
1,750,バンバドロ,のしかかり,ヘビーボンバー,じならし,じしん
0,751,シズクモ,むしくい,まとわりつく
1,751,シズクモ,バブルこうせん,ミラーコート,みずのはどう
0,752,オニシズクモ,むしくい,まとわりつく
1,752,オニシズクモ,バブルこうせん,ミラーコート,みずのはどう,むしのさざめき
0,753,カリキリ,れんぞくぎり,このは,はっぱカッター
1,753,カリキリ,リーフブレード,くさわけ,くさむすび,エナジーボール
0,754,ラランテス,れんぞくぎり,このは,はっぱカッター
1,754,ラランテス,シザークロス,リーフブレード,くさわけ,ばかぢから,リーフストーム
0,755,ネマシュ,おどろかす
1,755,ネマシュ,タネばくだん,マジカルシャイン
0,756,マシェード,おどろかす
1,756,マシェード,タネばくだん,ヘドロばくだん,ムーンフォース
0,757,ヤトウモリ,ひのこ,どくづき
1,757,ヤトウモリ,どくどくのキバ,かえんほうしゃ,りゅうのはどう
0,758,エンニュート,どくづき,やきつくす
1,758,エンニュート,どくどくのキバ,りゅうのはどう,ヘドロウェーブ,だいもんじ
0,759,ヌイコグマ,たいあたり,とっしん
1,759,ヌイコグマ,かわらわり,ふみつけ,ばかぢから
0,760,キテルグマ,けたぐり,たいあたり,シャドークロー
1,760,キテルグマ,ふみつけ,ばかぢから,しっぺがえし,ドレインパンチ
0,761,アマカジ,はっぱカッター,あまえる
1,761,アマカジ,ドレインキッス,エナジーボール
0,762,アママイコ,はっぱカッター,あまえる
1,762,アママイコ,トリプルアクセル,ドレインキッス,エナジーボール,くさむすび
0,763,アマージョ,はっぱカッター,マジカルリーフ,あまえる
1,763,アマージョ,トリプルアクセル,ふみつけ,ドレインキッス,くさむすび,エナジーボール,とびひざげり
0,764,キュワワー,つるのムチ,めざめるパワーほのお,めざめるパワーみず,めざめるパワーでんき,めざめるパワーくさ,めざめるパワーこおり,めざめるパワーかくとう,めざめるパワーどく,めざめるパワーじめん,めざめるパワーひこう,めざめるパワーエスパー,めざめるパワーむし,めざめるパワーいわ,めざめるパワーゴースト,めざめるパワードラゴン,めざめるパワーあく,めざめるパワーはがね
1,764,キュワワー,ドレインキッス,くさむすび,はなふぶき
0,765,ヤレユータン,あくび,しねんのずつき,ねんりき
1,765,ヤレユータン,ぶんまわす,くさわけ,イカサマ,サイコキネシス,みらいよち
0,766,ナゲツケサル,とっしん,カウンター,いわくだき
1,766,ナゲツケサル,かわらわり,ドレインパンチ,ぶんまわす,ばかぢから,インファイト
0,767,コソクムシ,むしのていこう
1,767,コソクムシ,むしのさざめき
0,768,グソクムシャ,れんぞくぎり,シャドークロー,メタルクロー,たきのぼり
1,768,グソクムシャ,シザークロス,アクアジェット,シェルブレード,つばめがえし,アクアブレイク
0,769,スナバァ,マッドショット,すなかけ,おどろかす
1,769,スナバァ,すなじごく,ねっさのだいち,シャドーボール,だいちのちから
0,770,シロデスナ,すなかけ,マッドショット,おどろかす
1,770,シロデスナ,すなじごく,ねっさのだいち,シャドーボール,だいちのちから
0,771,ナマコブシ,カウンター
1,771,ナマコブシ,ミラーコート
0,772,タイプ：ヌル,たいあたり,とっしん
1,772,タイプ：ヌル,つばめがえし,アイアンヘッド,トライアタック
0,773,シルヴァディ,たいあたり,かみつく,とっしん
1,773,シルヴァディ,シザークロス,つばめがえし,アイアンヘッド,トライアタック
0,774,メテノ(りゅうせい),とっしん,ころがる
1,774,メテノ(りゅうせい),げんしのちから,パワージェム,アクロバット
0,774-1,メテノ(コア),とっしん,ころがる
1,774-1,メテノ(コア),げんしのちから,パワージェム,アクロバット
0,775,ネッコアラ,あくび,ころがる
1,775,ネッコアラ,じならし,じゃれつく,しっぺがえし
0,776,バクガメス,ひのこ,ほのおのうず,やきつくす
1,776,バクガメス,ドラゴンクロー,ぶんまわす,かえんほうしゃ,りゅうのはどう,ラスターカノン,オーバーヒート
0,777,トゲデマル,スパーク,でんきショック
1,777,トゲデマル,とどめばり,ジャイロボール,ワイルドボルト
0,778,ミミッキュ(ばけたすがた),シャドークロー,たたりめ
1,778,ミミッキュ(ばけたすがた),かげうち,じゃれつく,かみなり
0,778-1,ミミッキュ(ばれたすがた),シャドークロー,たたりめ
1,778-1,ミミッキュ(ばれたすがた),かげうち,じゃれつく,かみなり
0,779,ハギギシリ,みずでっぽう,かみつく,ねんりき
1,779,ハギギシリ,サイコファング,アクアテール,サイコショック,かみくだく
0,780,ジジーロン,りゅうのいぶき,じんつうりき
1,780,ジジーロン,スピードスター,そらをとぶ,りゅうのはどう,げきりん
0,781,ダダリン,きんぞくおん,シャドークロー,おどろかす
1,781,ダダリン,まきつく,ぶんまわす,ヘビーボンバー,パワーウィップ,シャドーボール
0,782,ジャラコ,たいあたり,ドラゴンテール
1,782,ジャラコ,かわらわり,ドラゴンクロー,りゅうのはどう
0,783,ジャランゴ,たいあたり,ドラゴンテール
1,783,ジャランゴ,かわらわり,ドラゴンクロー,がんせきふうじ,りゅうのはどう
0,784,ジャラランガ,きんぞくおん,どくづき,ドラゴンテール
1,784,ジャラランガ,かわらわり,ドラゴンクロー,はやてがえし,かえんほうしゃ,インファイト,ばくおんぱ,スケイルノイズ
0,785,カプ・コケコ,でんこうせっか,ボルトチェンジ
1,785,カプ・コケコ,１０まんボルト,マジカルシャイン,かみなり,ブレイブバード,しぜんのいかり
0,786,カプ・テテフ,おどろかす,ねんりき
1,786,カプ・テテフ,サイコショック,ドレインキッス,みらいよち,ムーンフォース,きあいだま,しぜんのいかり
0,787,カプ・ブルル,タネマシンガン,いわくだき
1,787,カプ・ブルル,くさむすび,マジカルシャイン,メガホーン,ソーラービーム,しぜんのいかり
0,788,カプ・レヒレ,みずでっぽう,めざめるパワーほのお,めざめるパワーみず,めざめるパワーでんき,めざめるパワーくさ,めざめるパワーこおり,めざめるパワーかくとう,めざめるパワーどく,めざめるパワーじめん,めざめるパワーひこう,めざめるパワーエスパー,めざめるパワーむし,めざめるパワーいわ,めざめるパワーゴースト,めざめるパワードラゴン,めざめるパワーあく,めざめるパワーはがね
1,788,カプ・レヒレ,なみのり,れいとうビーム,ムーンフォース,ハイドロポンプ,しぜんのいかり
0,789,コスモッグ,はねる
1,789,コスモッグ,わるあがき
0,790,コスモウム,はねる
1,790,コスモウム,わるあがき
0,791,ソルガレオ,しねんのずつき,ほのおのうず
1,791,ソルガレオ,サイコファング,アイアンヘッド,かえんほうしゃ,ソーラービーム
0,792,ルナアーラ,シャドークロー,エアスラッシュ,ねんりき
1,792,ルナアーラ,サイコキネシス,シャドーボール,みらいよち,ムーンフォース
0,793,ウツロイド,はたく,ようかいえき,どくづき
1,793,ウツロイド,いわなだれ,パワージェム,ヘドロばくだん,ダストシュート
0,794,マッシブーン,どくづき,カウンター
1,794,マッシブーン,とどめばり,グロウパンチ,とびかかる,ばかぢから
0,795,フェローチェ,けたぐり,むしくい
1,795,フェローチェ,とびかかる,むしのさざめき,インファイト,きあいだま
0,796,デンジュモク,でんきショック,スパーク
1,796,デンジュモク,ほうでん,パワーウィップ,マジカルシャイン,かみなり
0,797,テッカグヤ,エアスラッシュ,うちおとす
1,797,テッカグヤ,のしかかり,アイアンヘッド,ヘビーボンバー,じならし
0,798,カミツルギ,れんぞくぎり,エアスラッシュ,はっぱカッター
1,798,カミツルギ,シザークロス,つじぎり,せいなるつるぎ,つばめがえし,リーフブレード
0,799,アクジキング,バークアウト,ドラゴンテール
1,799,アクジキング,ドラゴンクロー,かみくだく,ぶんまわす,ヘドロばくだん
0,800,ネクロズマ,サイコカッター,シャドークロー,メタルクロー
1,800,ネクロズマ,アイアンヘッド,あくのはどう,げきりん,みらいよち
0,800-1,ネクロズマ(たそがれのたてがみ),サイコカッター,シャドークロー,メタルクロー
1,800-1,ネクロズマ(たそがれのたてがみ),アイアンヘッド,あくのはどう,げきりん,みらいよち,メテオドライブ
0,800-2,ネクロズマ(あかつきのつばさ),サイコカッター,メタルクロー,シャドークロー
1,800-2,ネクロズマ(あかつきのつばさ),アイアンヘッド,あくのはどう,げきりん,みらいよち,シャドーレイ
0,802,マーシャドー,ふいうち,シャドークロー,カウンター,どくづき
1,802,マーシャドー,れいとうパンチ,かみなりパンチ,ほのおのパンチ,いわなだれ,インファイト
0,803,ベベノム,つつく,どくづき
1,803,ベベノム,とどめばり,ヘドロばくだん,ヘドロウェーブ
0,804,アーゴヨン,エアスラッシュ,どくづき
1,804,アーゴヨン,とどめばり,ドラゴンクロー,ヘドロばくだん,りゅうのはどう,アクロバット
0,805,ツンデツンデ,とっしん,いわおとし
1,805,ツンデツンデ,じならし,ラスターカノン,ストーンエッジ
0,806,ズガドーン,おどろかす,やきつくす
1,806,ズガドーン,マジカルフレイム,シャドーボール,オーバーヒート,ビックリヘッド
0,807,ゼラオラ,スパーク,ボルトチェンジ
1,807,ゼラオラ,かみなりパンチ,ほうでん,ワイルドボルト,プラズマフィスト
0,808,メルタン,でんきショック
1,808,メルタン,１０まんボルト,ラスターカノン
0,809,メルメタル,でんきショック
1,809,メルメタル,いわなだれ,１０まんボルト,ばかぢから,ラスターカノン,はかいこうせん,ダブルパンツァー,ばくれつパンチ
0,810,サルノリ,ひっかく,はっぱカッター
1,810,サルノリ,エナジーボール,くさむすび
0,811,バチンキー,ひっかく,はっぱカッター
1,811,バチンキー,エナジーボール,くさむすび
0,812,ゴリランダー,ひっかく,はっぱカッター
1,812,ゴリランダー,ドラムアタック,くさむすび,エナジーボール,だいちのちから,ハードプラント
0,812-1,ゴリランダー(キョダイマックス),ひっかく,はっぱカッター
1,812-1,ゴリランダー(キョダイマックス),ドラムアタック,くさむすび,エナジーボール,だいちのちから,ハードプラント
0,813,ヒバニー,たいあたり,ほのおのうず
1,813,ヒバニー,ニトロチャージ,かえんほうしゃ
0,814,ラビフット,たいあたり,ほのおのうず
1,814,ラビフット,ニトロチャージ,かえんほうしゃ
0,815,エースバーン,たいあたり,ほのおのうず
1,815,エースバーン,ニトロチャージ,かえんほうしゃ,きあいだま,かえんボール,ブラストバーン
0,815-1,エースバーン(キョダイマックス),たいあたり,ほのおのうず
1,815-1,エースバーン(キョダイマックス),ニトロチャージ,かえんほうしゃ,きあいだま,かえんボール,ブラストバーン
0,816,メッソン,みずでっぽう,はたく
1,816,メッソン,なみのり,みずのはどう
0,817,ジメレオン,みずでっぽう,はたく
1,817,ジメレオン,なみのり,みずのはどう
0,818,インテレオン,みずでっぽう,はたく
1,818,インテレオン,なみのり,みずのはどう,シャドーボール
0,818-1,インテレオン(キョダイマックス),みずでっぽう,はたく
1,818-1,インテレオン(キョダイマックス),なみのり,みずのはどう,シャドーボール
0,819,ホシガリス,たいあたり,かみつく,タネマシンガン
1,819,ホシガリス,のしかかり,かみくだく,くさわけ
0,820,ヨクバリス,マッドショット,たいあたり,かみつく,タネマシンガン
1,820,ヨクバリス,のしかかり,かみくだく,くさわけ
0,821,ココガラ,すなかけ,つつく,エアスラッシュ
1,821,ココガラ,ゴッドバード,しっぺがえし
0,822,アオガラス,すなかけ,つつく,エアスラッシュ
1,822,アオガラス,ゴッドバード,しっぺがえし
0,823,アーマーガア,すなかけ,エアスラッシュ,はがねのつばさ
1,823,アーマーガア,ゴッドバード,しっぺがえし,エアカッター,アイアンヘッド
0,824,サッチムシ,むしのていこう
1,824,サッチムシ,わるあがき
0,825,レドームシ,むしのていこう,ねんりき
1,825,レドームシ,サイコキネシス,むしのさざめき
0,826,イオルブ,むしのていこう,ねんりき
1,826,イオルブ,サイコキネシス,むしのさざめき
0,827,クスネ,ふいうち,でんこうせっか,バークアウト
1,827,クスネ,つじぎり,じゃれつく
0,828,フォクスライ,ふいうち,でんこうせっか,バークアウト
1,828,フォクスライ,つじぎり,じゃれつく,こごえるかぜ
0,829,ヒメンカ,タネマシンガン,はっぱカッター
1,829,ヒメンカ,エナジーボール,くさむすび
0,830,ワタシラガ,タネマシンガン,はっぱカッター
1,830,ワタシラガ,エナジーボール,くさむすび
0,831,ウールー,たいあたり,とっしん
1,831,ウールー,ふみつけ,ワイルドボルト,しっぺがえし
0,832,バイウールー,たいあたり,とっしん,にどげり
1,832,バイウールー,のしかかり,ワイルドボルト,しっぺがえし
0,833,カムカメ,みずでっぽう,かみつく
1,833,カムカメ,のしかかり,なみのり
0,834,カジリガメ,かみつく,たきのぼり
1,834,カジリガメ,ロックブラスト,のしかかり,かみくだく,なみのり
0,835,ワンパチ,スパーク,かみつく
1,835,ワンパチ,かみくだく,かみなり
0,836,パルスワン,スパーク,かみつく
1,836,パルスワン,かみくだく,かみなり
0,837,タンドン,たいあたり,うちおとす
1,837,タンドン,ロックブラスト,いわなだれ
0,838,トロッゴン,たいあたり,うちおとす
1,838,トロッゴン,ロックブラスト,ニトロチャージ,いわなだれ
0,839,セキタンザン,うちおとす,ほのおのうず
1,839,セキタンザン,ロックブラスト,ニトロチャージ,いわなだれ
0,840,カジッチュ,おどろかす
1,840,カジッチュ,わるあがき
0,841,アップリュー,りゅうのいぶき,タネマシンガン
1,841,アップリュー,タネばくだん,りゅうのはどう,そらをとぶ,げきりん
0,842,タルップル,おどろかす,タネマシンガン
1,842,タルップル,タネばくだん,りゅうのはどう,エナジーボール,げきりん
0,843,スナヘビ,マッドショット,どろかけ
1,843,スナヘビ,まきつく,じならし,だいちのちから,あなをほる
0,844,サダイジャ,マッドショット,どろかけ
1,844,サダイジャ,まきつく,じならし,あなをほる,だいちのちから
0,845,ウッウ,みずでっぽう,つつく
1,845,ウッウ,なみのり,そらをとぶ,ハイドロポンプ,ダイビング
0,846,サシカマス,かみつく,つつく,たきのぼり
1,846,サシカマス,アクアジェット,かみくだく,インファイト
0,847,カマスジョー,かみつく,つつく,たきのぼり
1,847,カマスジョー,アクアジェット,かみくだく,インファイト
0,848,エレズン,ようかいえき
1,848,エレズン,グロウパンチ
0,849,ストリンダー(ハイ),スパーク,ようかいえき,どくづき
1,849,ストリンダー(ハイ),アシッドボム,グロウパンチ,ほうでん,ワイルドボルト
0,849-1,ストリンダー(ローなすがた),スパーク,ようかいえき,どくづき
1,849-1,ストリンダー(ローなすがた),アシッドボム,グロウパンチ,ほうでん,ワイルドボルト
0,849-2,ストリンダー(キョダイマックス),スパーク,ようかいえき,どくづき
1,849-2,ストリンダー(キョダイマックス),アシッドボム,グロウパンチ,ほうでん,ワイルドボルト
0,850,ヤクデ,むしくい,ひのこ
1,850,ヤクデ,かみくだく,むしのさざめき,ねっぷう
0,851,マルヤクデ,むしくい,ひのこ
1,851,マルヤクデ,とびかかる,かみくだく,むしのさざめき,ねっぷう
0,852,タタッコ,いわくだき
1,852,タタッコ,かわらわり,れいとうパンチ,ばかぢから
0,853,オトスパス,たきのぼり,いわくだき
1,853,オトスパス,かわらわり,れいとうパンチ,なみのり,ばかぢから
0,854,ヤバチャ,ふいうち,おどろかす
1,854,ヤバチャ,あくのはどう,サイコキネシス,シャドーボール
0,855,ポットデス,ふいうち,おどろかす,たたりめ
1,855,ポットデス,あくのはどう,サイコキネシス,シャドーボール
0,856,ミブリム,ねんりき,あまえる
1,856,ミブリム,サイコショック,サイコキネシス,マジカルシャイン
0,857,テブリム,ねんりき,あまえる
1,857,テブリム,サイコショック,サイコキネシス,マジカルシャイン
0,858,ブリムオン,サイコカッター,ねんりき,あまえる
1,858,ブリムオン,サイコショック,パワーウィップ,サイコキネシス,マジカルシャイン
0,859,ベロバー,ふいうち,かみつく
1,859,ベロバー,イカサマ,あくのはどう,じゃれつく
0,860,ギモー,ふいうち,かみつく
1,860,ギモー,イカサマ,あくのはどう,じゃれつく
0,861,オーロンゲ,けたぐり,ふいうち,かみつく
1,861,オーロンゲ,グロウパンチ,イカサマ,あくのはどう,じゃれつく
0,861-1,オーロンゲ(キョダイマックス),けたぐり,ふいうち,かみつく
1,861-1,オーロンゲ(キョダイマックス),グロウパンチ,イカサマ,あくのはどう,じゃれつく
0,862,タチフサグマ,したでなめる,カウンター
1,862,タチフサグマ,やつあたり,おんがえし,つじぎり,クロスチョップ,ダストシュート,はかいこうせん,ブロッキング
0,863,ニャイキング,きんぞくおん,メタルクロー,シャドークロー
1,863,ニャイキング,アイアンヘッド,くさわけ,イカサマ,じゃれつく,インファイト
0,864,サニゴーン,たいあたり,おどろかす
1,864,サニゴーン,ロックブラスト,ナイトヘッド,パワージェム
0,865,ネギガナイト,れんぞくぎり,カウンター
1,865,ネギガナイト,つじぎり,リーフブレード,インファイト,ブレイブバード
0,866,バリコオル,こおりのつぶて,しねんのずつき,ねんりき
1,866,バリコオル,れいとうパンチ,トリプルアクセル,こごえるかぜ,サイケこうせん,サイコキネシス
0,867,デスバーン,シャドークロー,おどろかす
1,867,デスバーン,すなじごく,ぶんまわす,がんせきふうじ,シャドーボール
0,868,マホミル,たいあたり,あまえる
1,868,マホミル,マジカルシャイン
0,869,マホイップ,たいあたり,あまえる
1,869,マホイップ,サイコショック,エナジーボール,マジカルシャイン
0,870,タイレーツ,カウンター,いわくだき
1,870,タイレーツ,かわらわり,ばかぢから,メガホーン
0,871,バチンウニ,でんきショック,みずでっぽう,どくづき
1,871,バチンウニ,バブルこうせん,ほうでん,１０まんボルト
0,872,ユキハミ,こなゆき,むしのていこう
1,872,ユキハミ,こごえるかぜ,むしのさざめき
0,873,モスノウ,むしくい,こなゆき
1,873,モスノウ,こごえるかぜ,れいとうビーム,むしのさざめき,ぼうふう
0,874,イシヘンジン,いわおとし
1,874,イシヘンジン,ふみつけ,いわなだれ,ストーンエッジ
0,875,コオリッポ(アイス),こなゆき
1,875,コオリッポ(アイス),ウェザーボール(こおり),こごえるかぜ,なみのり
0,875-1,コオリッポ(ナイスフェイス),こなゆき
1,875-1,コオリッポ(ナイスフェイス),ウェザーボール(こおり),こごえるかぜ,なみのり
0,876,イエッサン(オス),じんつうりき
1,876,イエッサン(オス),サイケこうせん,サイコキネシス,シャドーボール
0,876-1,イエッサン(メスのすがた),じんつうりき
1,876-1,イエッサン(メスのすがた),サイケこうせん,サイコキネシス,シャドーボール
0,877,モルペコ(まんぷく),でんきショック,かみつく,チャージビーム
1,877,モルペコ(まんぷく),サイコファング,タネばくだん,オーラぐるま(でんき),げきりん
0,877-1,モルペコ(はらぺこ),でんきショック,かみつく,チャージビーム
1,877-1,モルペコ(はらぺこ),サイコファング,タネばくだん,オーラぐるま(あく),げきりん
0,878,ゾウドウ,たいあたり,いわくだき
1,878,ゾウドウ,アイアンヘッド,じゃれつく,あなをほる
0,879,ダイオウドウ,たいあたり,いわくだき
1,879,ダイオウドウ,アイアンヘッド,ヘビーボンバー,じゃれつく,あなをほる
0,880,パッチラゴン,でんきショック,ドラゴンテール
1,880,パッチラゴン,ほうでん,げんしのちから,りゅうのはどう
0,881,パッチルドン,でんきショック,こなゆき
1,881,パッチルドン,ほうでん,げんしのちから,ゆきなだれ
0,882,ウオノラゴン,みずでっぽう,りゅうのいぶき
1,882,ウオノラゴン,げんしのちから,しおみず,りゅうのはどう
0,883,ウオチルドン,みずでっぽう,こなゆき
1,883,ウオチルドン,げんしのちから,しおみず,ゆきなだれ
0,884,ジュラルドン,メタルクロー,ドラゴンテール
1,884,ジュラルドン,ドラゴンクロー,ラスターカノン,はかいこうせん
0,885,ドラメシヤ,おどろかす,でんこうせっか
1,885,ドラメシヤ,わるあがき
0,886,ドロンチ,おどろかす,ドラゴンテール
1,886,ドロンチ,りゅうのはどう,シャドーボール,げきりん
0,887,ドラパルト,おどろかす,ドラゴンテール
1,887,ドラパルト,ワイドブレイカー,りゅうのはどう,シャドーボール,げきりん
0,888,ザシアン(れきせんのゆうしゃ),メタルクロー,でんこうせっか,バークアウト,ほのおのキバ
1,888,ザシアン(れきせんのゆうしゃ),アイアンヘッド,じゃれつく,ワイルドボルト,インファイト
0,888-1,ザシアン(けんのおう),メタルクロー,エアスラッシュ
1,888-1,ザシアン(けんのおう),じゃれつく,インファイト,ギガインパクト,きょじゅうざん
0,889,ザマゼンタ(れきせんのゆうしゃ),メタルクロー,でんこうせっか,バークアウト,こおりのキバ
1,889,ザマゼンタ(れきせんのゆうしゃ),かみくだく,アイアンヘッド,インファイト,ムーンフォース
0,889-1,ザマゼンタ(たてのおう),メタルクロー,こおりのキバ
1,889-1,ザマゼンタ(たてのおう),きょじゅうだん,インファイト,ムーンフォース,ギガインパクト
0,890,ムゲンダイナ,どくづき,ドラゴンテール
1,890,ムゲンダイナ,かえんほうしゃ,ヘドロばくだん,りゅうのはどう,ダイマックスほう
0,890-1,ムゲンダイナ(ムゲンダイマックス),どくづき,ドラゴンテール
1,890-1,ムゲンダイナ(ムゲンダイマックス),かえんほうしゃ,ヘドロばくだん,りゅうのはどう,はかいこうせん,ダイマックスほう
0,891,ダクマ,カウンター,いわくだき
1,891,ダクマ,かわらわり,ばくれつパンチ,インファイト
0,892,ウーラオス(いちげき),ふいうち,カウンター,いわくだき
1,892,ウーラオス(いちげき),かわらわり,ばくれつパンチ,しっぺがえし,インファイト
0,892-1,ウーラオス(れんげきのかた),カウンター,たきのぼり,いわくだき
1,892-1,ウーラオス(れんげきのかた),かわらわり,アクアジェット,ばくれつパンチ,インファイト
0,893,ザルード,つるのムチ,かみつく
1,893,ザルード,あくのはどう,エナジーボール,パワーウィップ
0,894,レジエレキ,ロックオン,でんきショック,ボルトチェンジ
1,894,レジエレキ,かみなり,でんじほう,はかいこうせん,サンダープリズン
0,895,レジドラゴ,かみつく,りゅうのいぶき
1,895,レジドラゴ,はさむ,ワイドブレイカー,りゅうのはどう,げきりん,はかいこうせん,ドラゴンエナジー
0,896,ブリザポス,たいあたり,とっしん
1,896,ブリザポス,こごえるかぜ,じならし,ゆきなだれ
0,897,レイスポス,たいあたり,とっしん
1,897,レイスポス,イカサマ,じならし,シャドーボール
0,898,バドレックス,はたく,ねんりき
1,898,バドレックス,サイコショック,エナジーボール,サイコキネシス
0,898-1,バドレックス(はくばじょうのすがた),とっしん,ねんりき
1,898-1,バドレックス(はくばじょうのすがた),サイコショック,ゆきなだれ,エナジーボール,サイコキネシス
0,898-2,バドレックス(こくばじょうのすがた),とっしん,ねんりき
1,898-2,バドレックス(こくばじょうのすがた),サイコショック,エナジーボール,サイコキネシス,シャドーボール
0,899,アヤシシ,たいあたり,しねんのずつき,ねんりき
1,899,アヤシシ,ふみつけ,ワイルドボルト,サイコキネシス,メガホーン
0,900,バサギリ,れんぞくぎり,でんこうせっか,エアスラッシュ
1,900,バサギリ,シザークロス,くさわけ,いわなだれ,ストーンエッジ
0,901,ガチグマ,たいあたり,うちおとす,いわくだき
1,901,ガチグマ,やつあたり,おんがえし,かみなりパンチ,れいとうパンチ,ほのおのパンチ,つばめがえし,くさわけ,スピードスター,じゃれつく,１０まんばりき
0,903,オオニューラ,シャドークロー,どくづき,いわくだき
1,903,オオニューラ,やつあたり,おんがえし,シザークロス,つばめがえし,インファイト
0,904,ハリーマン,どくばり,どくづき
1,904,ハリーマン,アクアテール,あくのはどう,ヘドロばくだん,れいとうビーム,シャドーボール
0,905,ラブトロス,おどろかす,ようせいのかぜ,しねんのずつき
1,905,ラブトロス,くさむすび,そらをとぶ,マジカルシャイン
0,905-1,れいじゅうラブトロス,おどろかす,ようせいのかぜ,じんつうりき
1,905-1,れいじゅうラブトロス,マジカルフレイム,そらをとぶ,だいちのちから,ムーンフォース
0,906,ニャオハ,このは,あまえる
1,906,ニャオハ,じゃれつく,エナジーボール,くさむすび
0,907,ニャローテ,このは,あまえる
1,907,ニャローテ,くさむすび,じゃれつく,エナジーボール
0,908,マスカーニャ,このは,あまえる
1,908,マスカーニャ,つじぎり,トリックフラワー,じゃれつく,くさむすび,エナジーボール,ハードプラント
0,909,ホゲータ,かみつく,やきつくす
1,909,ホゲータ,かみくだく,チャームボイス,かえんほうしゃ
0,910,アチゲータ,かみつく,やきつくす
1,910,アチゲータ,かみくだく,チャームボイス,かえんほうしゃ
0,911,ラウドボーン,かみつく,たたりめ,やきつくす
1,911,ラウドボーン,かみくだく,チャームボイス,かえんほうしゃ,シャドーボール,フレアソング,ブラストバーン
0,912,クワッス,みずでっぽう,つばさでうつ
1,912,クワッス,アクアジェット,つばめがえし,アクアブレイク
0,913,ウェルカモ,みずでっぽう,つばさでうつ
1,913,ウェルカモ,アクアジェット,つばめがえし,アクアブレイク
0,914,ウェーニバル,みずでっぽう,つばさでうつ,けたぐり	
1,914,ウェーニバル,アクアジェット,つばめがえし,アクアステップ,アクアブレイク,インファイト,ハイドロカノン
0,915,グルトン,たいあたり,とっしん
1,915,グルトン,のしかかり,あなをほる
0,916,パフュートン(オス),たいあたり,とっしん
1,916,パフュートン(オス),のしかかり,くさわけ,あなをほる
0,916-1,パフュートン(メス),たいあたり,とっしん
1,916-1,パフュートン(メス),のしかかり,くさわけ,あなをほる
0,917,タマンチュラ,むしくい,むしのていこう
1,917,タマンチュラ,シザークロス,とびかかる,くさむすび
0,918,ワナイダー,むしくい,シャドークロー,カウンター
1,918,ワナイダー,シザークロス,とびかかる,がんせきふうじ,くさむすび
0,919,マメバッタ,むしくい,むしのていこう
1,919,マメバッタ,シザークロス,くさわけ,むしのさざめき
0,920,エクスレッグ,ふいうち,むしくい,カウンター
1,920,エクスレッグ,シザークロス,くさわけ,あくのはどう,むしのさざめき
0,921,パモ,スパーク,でんきショック,チャージビーム
1,921,パモ,ほうでん,１０まんボルト,ワイルドボルト
0,922,パモット,でんきショック,スパーク,チャージビーム
1,922,パモット,かみなりパンチ,ほうでん,１０まんボルト,ワイルドボルト
0,923,パーモット,でんきショック,スパーク,けたぐり,チャージビーム
1,923,パーモット,かみなりパンチ,ほうでん,１０まんボルト,ワイルドボルト,インファイト,かわらわり
0,924,ワッカネズミ,マッドショット,タネマシンガン,とっしん
1,924,ワッカネズミ,かみくだく,スピードスター,じゃれつく
0,925,イッカネズミ,マッドショット,タネマシンガン,とっしん
1,925,イッカネズミ,かみくだく,スピードスター,じゃれつく
0,926,パピモッチ,かみつく,あまえる
1,926,パピモッチ,サイコファング,のしかかり,じゃれつく
0,927,バウッツェル,かみつく,ほのおのキバ,あまえる
1,927,バウッツェル,サイコファング,のしかかり,じゃれつく
0,928,ミニーブ,たいあたり,はっぱカッター
1,928,ミニーブ,タネばくだん,くさわけ,エナジーボール,だいちのちから
0,929,オリーニョ,たいあたり,はっぱカッター,マジカルリーフ
1,929,オリーニョ,タネばくだん,くさわけ,エナジーボール,だいちのちから
0,930,オリーヴァ,たいあたり,はっぱカッター,マジカルリーフ
1,930,オリーヴァ,タネばくだん,くさわけ,エナジーボール,だいちのちから
0,931,イキリンコ,つつく,エアスラッシュ
1,931,イキリンコ,つばめがえし,そらをとぶ,ブレイブバード
0,932,コジオ,マッドショット,いわおとし
1,932,コジオ,ロックブラスト,げんしのちから,がんせきふうじ
0,933,ジオヅム,マッドショット,うちおとす
1,933,ジオヅム,ロックブラスト,げんしのちから,がんせきふうじ
0,934,キョジオーン,マッドショット,うちおとす
1,934,キョジオーン,ロックブラスト,げんしのちから,がんせきふうじ
0,935,カルボウ,ひのこ,やきつくす
1,935,カルボウ,ニトロチャージ,かえんほうしゃ,ねっぷう
0,936,グレンアルマ,ひのこ,やきつくす
1,936,グレンアルマ,サイコショック,ニトロチャージ,かえんほうしゃ,ねっぷう
0,937,ソウブレイズ,ひのこ,やきつくす
1,937,ソウブレイズ,ニトロチャージ,かえんほうしゃ,シャドーボール,ねっぷう
0,938,ズピカ,でんきショック,みずでっぽう
1,938,ズピカ,ほうでん,パラボラチャージ,でんじほう
0,939,ハラバリー,でんきショック,みずでっぽう,ふいうち
1,939,ハラバリー,ほうでん,パラボラチャージ,でんじほう
0,940,カイデン,でんきショック,つつく
1,940,カイデン,つばめがえし,１０まんボルト,アクロバット
0,941,タイカイデン,でんきショック,エアスラッシュ
1,941,タイカイデン,つばめがえし,１０まんボルト,アクロバット
0,942,オラチフ,かみつく,バークアウト
1,942,オラチフ,かみくだく,あなをほる,しっぺがえし
0,943,マフィティフ,かみつく,バークアウト
1,943,マフィティフ,かみくだく,あなをほる,しっぺがえし
0,944,シルシュルー,どくづき,どろかけ
1,944,シルシュルー,アシッドボム,どくどくのキバ,ヘドロばくだん
0,945,タギングル,どくづき,どろかけ
1,945,タギングル,アシッドボム,どくどくのキバ,ヘドロばくだん
0,946,アノクサ,タネマシンガン,おどろかす
1,946,アノクサ,かげうち,ナイトヘッド,パワーウィップ
0,947,アノホラグサ,タネマシンガン,たたりめ
1,947,アノホラグサ,かげうち,ナイトヘッド,パワーウィップ
0,948,ノノクラゲ,マッドショット,どろかけ
1,948,ノノクラゲ,タネばくだん,まきつく,だいちのちから
0,949,リククラゲ,マッドショット,どろかけ
1,949,リククラゲ,アシッドボム,タネばくだん,まきつく,だいちのちから
0,950,ガケガニ,いわおとし,どろかけ
1,950,ガケガニ,がんせきふうじ,いわなだれ,じならし
0,951,カプサイジ,このは,はっぱカッター
1,951,カプサイジ,タネばくだん,くさむすび,リーフストーム
0,952,スコヴィラン,このは,ほのおのキバ
1,952,スコヴィラン,かえんほうしゃ,くさむすび,リーフストーム,オーバーヒート
0,953,シガロコ,むしくい,むしのていこう
1,953,シガロコ,とびかかる,むしのさざめき,あなをほる
0,954,ベラカス,むしくい,ねんりき
1,954,ベラカス,とびかかる,サイケこうせん,むしのさざめき,あなをほる
0,955,ヒラヒナ,つつく,ねんりき
1,955,ヒラヒナ,サイコショック,サイケこうせん,サイコキネシス
0,956,クエスパトラ,つつく,ねんりき
1,956,クエスパトラ,サイコショック,サイケこうせん,サイコキネシス,マジカルシャイン
0,957,カヌチャン,ようせいのかぜ,いわくだき
1,957,カヌチャン,じゃれつく,ラスターカノン
0,958,ナカヌチャン,ようせいのかぜ,いわくだき
1,958,ナカヌチャン,じゃれつく,ラスターカノン
0,959,デカヌチャン,ようせいのかぜ,いわくだき
1,959,デカヌチャン,ヘビーボンバー,じならし,じゃれつく,ラスターカノン,デカハンマー
0,960,ウミディグダ,みずでっぽう,どろかけ
1,960,ウミディグダ,アクアブレイク,なみのり,あなをほる
0,961,ウミトリオ,みずでっぽう,どろかけ
1,961,ウミトリオ,アクアブレイク,なみのり,あなをほる
0,962,オトシドリ,ふいうち,つばさでうつ,いわおとし
1,962,オトシドリ,つばめがえし,がんせきふうじ,そらをとぶ,しっぺがえし
0,963,ナミイルカ,たきのぼり,あまえる
1,963,ナミイルカ,アクアジェット,こごえるかぜ,みずのはどう
0,964,イルカマン(ナイーブ),たきのぼり,カウンター,あまえる
1,964,イルカマン(ナイーブ),アクアジェット,ドレインパンチ,こごえるかぜ,みずのはどう,アクロバット
0,964-1,イルカマン(マイティフォルム),カウンター,たきのぼり,あまえる
1,964-1,イルカマン(マイティフォルム),アクアジェット,ドレインパンチ,こごえるかぜ,みずのはどう,アクロバット
0,965,ブロロン,きんぞくおん,したでなめる,どくづき
1,965,ブロロン,アシッドボム,ジャイロボール,ダストシュート
0,966,ブロロローム,きんぞくおん,したでなめる,どくづき
1,966,ブロロローム,アシッドボム,ジャイロボール,ダストシュート,オーバーヒート
0,967,モトトカゲ,とっしん,ドラゴンテール
1,967,モトトカゲ,ドラゴンクロー,のしかかり
0,968,ミミズズ,アイアンテール,どろかけ
1,968,ミミズズ,アイアンヘッド,がんせきふうじ,じしん
0,969,キラーメ,うちおとす,いわおとし
1,969,キラーメ,パワージェム,マジカルシャイン,ヘドロウェーブ
0,970,キラフロル,うちおとす,いわおとし
1,970,キラフロル,パワージェム,マジカルシャイン,ヘドロウェーブ,メテオビーム
0,971,ボチ,したでなめる,かみつく
1,971,ボチ,サイコファング,シャドーボール,あなをほる
0,972,ハカドッグ,したでなめる,かみつく
1,972,ハカドッグ,サイコファング,じゃれつく,シャドーボール,あなをほる
0,973,カラミンゴ,にどげり,つばさでうつ
1,973,カラミンゴ,はやてがえし,つばめがえし,ブレイブバード
0,974,アルクジラ,たいあたり,こなゆき,こおりのつぶて
1,974,アルクジラ,のしかかり,ヘビーボンバー,ゆきなだれ
0,975,ハルクジラ,たいあたり,こなゆき,こおりのつぶて
1,975,ハルクジラ,のしかかり,つららばり,ヘビーボンバー,ばかぢから,ゆきなだれ
0,976,ミガルーサ,しねんのずつき,こおりのキバ
1,976,ミガルーサ,サイコファング,かみくだく,みずのはどう,ドリルライナー
0,977,ヘイラッシャ,みずでっぽう,たきのぼり
1,977,ヘイラッシャ,アクアブレイク,なみのり,げきりん,ハイドロポンプ
0,978,シャリタツ(そったすがた),みずでっぽう,とっしん
1,978,シャリタツ(そったすがた),だくりゅう,なみのり,げきりん,ハイドロポンプ
0,978-1,シャリタツ(たれたすがた),みずでっぽう,とっしん
1,978-1,シャリタツ(たれたすがた),だくりゅう,なみのり,げきりん,ハイドロポンプ
0,978-2,シャリタツ(のびたすがた),みずでっぽう,とっしん
1,978-2,シャリタツ(のびたすがた),だくりゅう,なみのり,げきりん,ハイドロポンプ
0,979,コノヨザル,けたぐり,カウンター
1,979,コノヨザル,やつあたり,おんがえし,ローキック,つじぎり,れいとうパンチ,シャドーボール,インファイト,ふんどのこぶし
0,980,ドオー,マッドショット,どくばり
1,980,ドオー,アシッドボム,みずのはどう,ヘドロばくだん,ストーンエッジ,じしん,メガホーン
0,981,リキキリン,たいあたり,にどげり,ねんりき
1,981,リキキリン,サイコファング,ミラーコート,１０まんボルト,サイコキネシス
0,982,ノココッチ,かみつく,おどろかす,ドラゴンテール,ころがる
1,982,ノココッチ,のしかかり,いわなだれ,ドリルライナー,あなをほる
0,983,ドドゲザン,きんぞくおん,メタルクロー,バークアウト
1,983,ドドゲザン,シザークロス,アイアンヘッド,イカサマ,あくのはどう,きあいだま
0,996,セビエ,りゅうのいぶき,こおりのキバ
1,996,セビエ,ドラゴンクロー,こごえるかぜ,ゆきなだれ,げきりん
0,997,セゴール,りゅうのいぶき,こおりのキバ
1,997,セゴール,ドラゴンクロー,こごえるかぜ,ゆきなだれ,げきりん
0,998,セグレイブ,りゅうのいぶき,こおりのキバ
1,998,セグレイブ,ドラゴンクロー,こごえるかぜ,ゆきなだれ,げきりん,ふぶき
0,999,コレクレー(とほ),おどろかす
1,999,コレクレー(とほ),シャドーボール
0,1000,サーフゴー,おどろかす,たたりめ
1,1000,サーフゴー,パワージェム,シャドーボール,マジカルシャイン,きあいだま
0,1011,カミッチュ,タネマシンガン,ドラゴンテール,ころがる
1,1011,カミッチュ,タネばくだん,りゅうのはどう,げきりん
0,1012,チャデス,おどろかす,マジカルリーフ
1,1012,チャデス,エナジーボール,シャドーボール,ポルターガイスト
0,1013,ヤバソチャ,おどろかす,マジカルリーフ
1,1013,ヤバソチャ,エナジーボール,シャドーボール,ポルターガイスト
0,1014,イイネイヌ,はっけい,どくづき
1,1014,イイネイヌ,はやてがえし,ばかぢから,ヘドロばくだん
0,1015,マシマシラ,どくづき,ねんりき
1,1015,マシマシラ,ヘドロばくだん,サイコキネシス,みらいよち
0,1016,キチキギス,どくづき,あまえる
1,1016,キチキギス,チャームボイス,ヘドロばくだん,ムーンフォース
0,1017,オーガポン(みどりのめん),つるのムチ,にどげり,マジカルリーフ
1,1017,オーガポン(みどりのめん),パワーウィップ,じゃれつく,くさむすび
0,1018,ブリジュラス,メタルクロー,ドラゴンテール
1,1018,ブリジュラス,ドラゴンクロー,ラスターカノン,はかいこうせん
0,1019,カミツオロチ,タネマシンガン,ドラゴンテール,ころがる
1,1019,カミツオロチ,タネばくだん,りゅうのはどう,げきりん
0,1025,モモワロウ,おどろかす
1,1025,モモワロウ,シャドーボール,ダストシュート,ポルターガイスト
